"ID_SOCIEDAD","ID_SEGMENTO","SEGMENTO2","ID_LINEA_PRODUCTO_AGREG","ID_AGRUP_PRODUCTO","ID_AGRUP_PROD","ID_AGRUP_CANAL","ID_ZONA","Altas.M","freq"
"SOC01","SEG01","LP01",1,1,"PROD11",9,"ZONA01",0,0
"SOC01","SEG01","LP01",1,1,"PROD11",9,"ZONA02",0,0
"SOC01","SEG01","LP01",1,1,"PROD11",9,"ZONA03",0,0
"SOC01","SEG01","LP01",1,1,"PROD12",1,"ZONA01",106,0.311764705882353
"SOC01","SEG01","LP01",1,1,"PROD12",1,"ZONA02",55,0.161764705882353
"SOC01","SEG01","LP01",1,1,"PROD12",1,"ZONA03",179,0.526470588235294
"SOC01","SEG01","LP01",1,1,"PROD12",2,"PDTE",0,0
"SOC01","SEG01","LP01",1,1,"PROD12",2,"ZONA01",1679,0.288042545891234
"SOC01","SEG01","LP01",1,1,"PROD12",2,"ZONA02",1968,0.33762223365929
"SOC01","SEG01","LP01",1,1,"PROD12",2,"ZONA03",2182,0.374335220449477
"SOC01","SEG01","LP01",1,1,"PROD12",5,"ZONA01",1288,0.751458576429405
"SOC01","SEG01","LP01",1,1,"PROD12",5,"ZONA02",62,0.0361726954492415
"SOC01","SEG01","LP01",1,1,"PROD12",5,"ZONA03",364,0.212368728121354
"SOC01","SEG01","LP01",1,1,"PROD12",6,"PDTE",3,0.00010383856564328
"SOC01","SEG01","LP01",1,1,"PROD12",6,"ZONA01",13024,0.450797826312693
"SOC01","SEG01","LP01",1,1,"PROD12",6,"ZONA02",8949,0.309750441313904
"SOC01","SEG01","LP01",1,1,"PROD12",6,"ZONA03",6915,0.23934789380776
"SOC01","SEG01","LP01",1,1,"PROD12",9,"PDTE",6,0.000224879127468985
"SOC01","SEG01","LP01",1,1,"PROD12",9,"ZONA01",9874,0.370076084104794
"SOC01","SEG01","LP01",1,1,"PROD12",9,"ZONA02",12912,0.483939882313257
"SOC01","SEG01","LP01",1,1,"PROD12",9,"ZONA03",3889,0.145759154454481
"SOC01","SEG01","LP01",1,1,"PROD12",11,"ZONA01",72,0.116883116883117
"SOC01","SEG01","LP01",1,1,"PROD12",11,"ZONA02",474,0.769480519480519
"SOC01","SEG01","LP01",1,1,"PROD12",11,"ZONA03",70,0.113636363636364
"SOC01","SEG01","LP01",1,1,"PROD12",99,"ZONA02",2,1
"SOC01","SEG01","LP03",3,3,"PROD01",2,"ZONA01",855,0.394190871369295
"SOC01","SEG01","LP03",3,3,"PROD01",2,"ZONA02",281,0.129552789303827
"SOC01","SEG01","LP03",3,3,"PROD01",2,"ZONA03",1033,0.476256339326879
"SOC01","SEG01","LP03",3,3,"PROD01",5,"PDTE",0,0
"SOC01","SEG01","LP03",3,3,"PROD01",5,"ZONA01",5068,0.450929798024735
"SOC01","SEG01","LP03",3,3,"PROD01",5,"ZONA02",3810,0.338998131506362
"SOC01","SEG01","LP03",3,3,"PROD01",5,"ZONA03",2361,0.210072070468903
"SOC01","SEG01","LP03",3,3,"PROD01",6,"ZONA01",4169,0.467010193794108
"SOC01","SEG01","LP03",3,3,"PROD01",6,"ZONA02",2934,0.328665845188753
"SOC01","SEG01","LP03",3,3,"PROD01",6,"ZONA03",1824,0.204323961017139
"SOC01","SEG01","LP03",3,3,"PROD01",7,"ZONA01",455,0.41743119266055
"SOC01","SEG01","LP03",3,3,"PROD01",7,"ZONA02",430,0.394495412844037
"SOC01","SEG01","LP03",3,3,"PROD01",7,"ZONA03",205,0.188073394495413
"SOC01","SEG01","LP03",3,3,"PROD01",9,"ZONA01",1871,0.393067226890756
"SOC01","SEG01","LP03",3,3,"PROD01",9,"ZONA02",2240,0.470588235294118
"SOC01","SEG01","LP03",3,3,"PROD01",9,"ZONA03",649,0.136344537815126
"SOC01","SEG01","LP03",3,4,"PROD01",2,"PDTE",0,0
"SOC01","SEG01","LP03",3,4,"PROD01",2,"ZONA01",2922,0.221665908056441
"SOC01","SEG01","LP03",3,4,"PROD01",2,"ZONA02",114,0.00864815657715066
"SOC01","SEG01","LP03",3,4,"PROD01",2,"ZONA03",10146,0.769685935366409
"SOC01","SEG01","LP03",3,4,"PROD01",5,"PDTE",0,0
"SOC01","SEG01","LP03",3,4,"PROD01",5,"ZONA01",8034,0.475103489059728
"SOC01","SEG01","LP03",3,4,"PROD01",5,"ZONA02",1036,0.0612655233589592
"SOC01","SEG01","LP03",3,4,"PROD01",5,"ZONA03",7840,0.463630987581313
"SOC01","SEG01","LP03",3,4,"PROD01",6,"PDTE",1,5.35446562433069e-05
"SOC01","SEG01","LP03",3,4,"PROD01",6,"ZONA01",9349,0.500588991218676
"SOC01","SEG01","LP03",3,4,"PROD01",6,"ZONA02",794,0.0425144570571857
"SOC01","SEG01","LP03",3,4,"PROD01",6,"ZONA03",8532,0.456843007067895
"SOC01","SEG01","LP03",3,4,"PROD01",7,"ZONA01",97,0.507853403141361
"SOC01","SEG01","LP03",3,4,"PROD01",7,"ZONA02",21,0.109947643979058
"SOC01","SEG01","LP03",3,4,"PROD01",7,"ZONA03",73,0.382198952879581
"SOC01","SEG01","LP03",3,4,"PROD01",9,"ZONA01",2280,0.585516178736518
"SOC01","SEG01","LP03",3,4,"PROD01",9,"ZONA02",140,0.0359527478171546
"SOC01","SEG01","LP03",3,4,"PROD01",9,"ZONA03",1474,0.378531073446328
"SOC01","SEG01","LP03",3,5,"PROD01",2,"ZONA01",190,0.460048426150121
"SOC01","SEG01","LP03",3,5,"PROD01",2,"ZONA02",2,0.00484261501210654
"SOC01","SEG01","LP03",3,5,"PROD01",2,"ZONA03",221,0.535108958837772
"SOC01","SEG01","LP03",3,5,"PROD01",5,"PDTE",0,0
"SOC01","SEG01","LP03",3,5,"PROD01",5,"ZONA01",1442,0.493835616438356
"SOC01","SEG01","LP03",3,5,"PROD01",5,"ZONA02",237,0.0811643835616438
"SOC01","SEG01","LP03",3,5,"PROD01",5,"ZONA03",1241,0.425
"SOC01","SEG01","LP03",3,5,"PROD01",6,"PDTE",0,0
"SOC01","SEG01","LP03",3,5,"PROD01",6,"ZONA01",3315,0.490312084011241
"SOC01","SEG01","LP03",3,5,"PROD01",6,"ZONA02",140,0.0207069960065079
"SOC01","SEG01","LP03",3,5,"PROD01",6,"ZONA03",3306,0.488980919982251
"SOC01","SEG01","LP03",3,5,"PROD01",7,"ZONA01",10,0.434782608695652
"SOC01","SEG01","LP03",3,5,"PROD01",7,"ZONA02",5,0.217391304347826
"SOC01","SEG01","LP03",3,5,"PROD01",7,"ZONA03",8,0.347826086956522
"SOC01","SEG01","LP03",3,5,"PROD01",9,"ZONA01",676,0.474053295932679
"SOC01","SEG01","LP03",3,5,"PROD01",9,"ZONA02",135,0.0946704067321178
"SOC01","SEG01","LP03",3,5,"PROD01",9,"ZONA03",615,0.431276297335203
"SOC01","SEG01","LP04",4,6,"PROD01",2,"ZONA01",3,0.0789473684210526
"SOC01","SEG01","LP04",4,6,"PROD01",2,"ZONA02",1,0.0263157894736842
"SOC01","SEG01","LP04",4,6,"PROD01",2,"ZONA03",34,0.894736842105263
"SOC01","SEG01","LP04",4,6,"PROD01",5,"ZONA01",43,0.467391304347826
"SOC01","SEG01","LP04",4,6,"PROD01",5,"ZONA02",22,0.239130434782609
"SOC01","SEG01","LP04",4,6,"PROD01",5,"ZONA03",27,0.293478260869565
"SOC01","SEG01","LP04",4,6,"PROD01",6,"ZONA01",53,0.509615384615385
"SOC01","SEG01","LP04",4,6,"PROD01",6,"ZONA02",29,0.278846153846154
"SOC01","SEG01","LP04",4,6,"PROD01",6,"ZONA03",22,0.211538461538462
"SOC01","SEG01","LP04",4,6,"PROD01",7,"ZONA01",18,0.461538461538462
"SOC01","SEG01","LP04",4,6,"PROD01",7,"ZONA02",10,0.256410256410256
"SOC01","SEG01","LP04",4,6,"PROD01",7,"ZONA03",11,0.282051282051282
"SOC01","SEG01","LP04",4,6,"PROD01",9,"ZONA01",5,0.5
"SOC01","SEG01","LP04",4,6,"PROD01",9,"ZONA02",2,0.2
"SOC01","SEG01","LP04",4,6,"PROD01",9,"ZONA03",3,0.3
"SOC01","SEG01","SUBSEG01",2,2,"PROD04",1,"ZONA01",1,0.0833333333333333
"SOC01","SEG01","SUBSEG01",2,2,"PROD04",1,"ZONA02",3,0.25
"SOC01","SEG01","SUBSEG01",2,2,"PROD04",1,"ZONA03",8,0.666666666666667
"SOC01","SEG01","SUBSEG01",2,2,"PROD04",2,"ZONA01",50,0.304878048780488
"SOC01","SEG01","SUBSEG01",2,2,"PROD04",2,"ZONA02",40,0.24390243902439
"SOC01","SEG01","SUBSEG01",2,2,"PROD04",2,"ZONA03",74,0.451219512195122
"SOC01","SEG01","SUBSEG01",2,2,"PROD04",5,"ZONA01",204,0.521739130434783
"SOC01","SEG01","SUBSEG01",2,2,"PROD04",5,"ZONA02",8,0.020460358056266
"SOC01","SEG01","SUBSEG01",2,2,"PROD04",5,"ZONA03",179,0.457800511508951
"SOC01","SEG01","SUBSEG01",2,2,"PROD04",6,"PDTE",0,0
"SOC01","SEG01","SUBSEG01",2,2,"PROD04",6,"ZONA01",3050,0.525680799724233
"SOC01","SEG01","SUBSEG01",2,2,"PROD04",6,"ZONA02",562,0.0968631506377111
"SOC01","SEG01","SUBSEG01",2,2,"PROD04",6,"ZONA03",2190,0.377456049638056
"SOC01","SEG01","SUBSEG01",2,2,"PROD04",9,"ZONA01",154,0.666666666666667
"SOC01","SEG01","SUBSEG01",2,2,"PROD04",9,"ZONA02",3,0.012987012987013
"SOC01","SEG01","SUBSEG01",2,2,"PROD04",9,"ZONA03",74,0.32034632034632
"SOC01","SEG01","SUBSEG01",2,2,"PROD04",11,"ZONA01",0,0
"SOC01","SEG01","SUBSEG01",2,2,"PROD04",11,"ZONA02",0,0
"SOC01","SEG01","SUBSEG01",2,2,"PROD04",11,"ZONA03",1,1
"SOC01","SEG01","SUBSEG01",2,2,"PROD05",1,"ZONA01",172,0.212871287128713
"SOC01","SEG01","SUBSEG01",2,2,"PROD05",1,"ZONA02",22,0.0272277227722772
"SOC01","SEG01","SUBSEG01",2,2,"PROD05",1,"ZONA03",614,0.75990099009901
"SOC01","SEG01","SUBSEG01",2,2,"PROD05",2,"PDTE",0,0
"SOC01","SEG01","SUBSEG01",2,2,"PROD05",2,"ZONA01",2601,0.312469966362326
"SOC01","SEG01","SUBSEG01",2,2,"PROD05",2,"ZONA02",738,0.0886592984142239
"SOC01","SEG01","SUBSEG01",2,2,"PROD05",2,"ZONA03",4985,0.59887073522345
"SOC01","SEG01","SUBSEG01",2,2,"PROD05",5,"PDTE",1,5.26814877252134e-05
"SOC01","SEG01","SUBSEG01",2,2,"PROD05",5,"ZONA01",9682,0.510062164155516
"SOC01","SEG01","SUBSEG01",2,2,"PROD05",5,"ZONA02",248,0.0130650089558529
"SOC01","SEG01","SUBSEG01",2,2,"PROD05",5,"ZONA03",9051,0.476820145400906
"SOC01","SEG01","SUBSEG01",2,2,"PROD05",6,"PDTE",0,0
"SOC01","SEG01","SUBSEG01",2,2,"PROD05",6,"ZONA01",15036,0.491244119184527
"SOC01","SEG01","SUBSEG01",2,2,"PROD05",6,"ZONA02",4170,0.136238891792995
"SOC01","SEG01","SUBSEG01",2,2,"PROD05",6,"ZONA03",11402,0.372516989022478
"SOC01","SEG01","SUBSEG01",2,2,"PROD05",9,"PDTE",0,0
"SOC01","SEG01","SUBSEG01",2,2,"PROD05",9,"ZONA01",6452,0.502531349793598
"SOC01","SEG01","SUBSEG01",2,2,"PROD05",9,"ZONA02",411,0.0320118389282654
"SOC01","SEG01","SUBSEG01",2,2,"PROD05",9,"ZONA03",5976,0.465456811278137
"SOC01","SEG01","SUBSEG01",2,2,"PROD05",11,"PDTE",0,0
"SOC01","SEG01","SUBSEG01",2,2,"PROD05",11,"ZONA01",365,0.255423372988104
"SOC01","SEG01","SUBSEG01",2,2,"PROD05",11,"ZONA02",711,0.497550734779566
"SOC01","SEG01","SUBSEG01",2,2,"PROD05",11,"ZONA03",353,0.24702589223233
"SOC01","SEG01","SUBSEG01",2,2,"PROD05",99,"ZONA01",4,0.571428571428571
"SOC01","SEG01","SUBSEG01",2,2,"PROD05",99,"ZONA03",3,0.428571428571429
"SOC01","SEG01","SUBSEG01",2,2,"PROD11",9,"ZONA01",1,0.5
"SOC01","SEG01","SUBSEG01",2,2,"PROD11",9,"ZONA03",1,0.5
"SOC01","SEG01","SUBSEG01",2,2,"PROD13",1,"ZONA01",5,0.416666666666667
"SOC01","SEG01","SUBSEG01",2,2,"PROD13",1,"ZONA02",0,0
"SOC01","SEG01","SUBSEG01",2,2,"PROD13",1,"ZONA03",7,0.583333333333333
"SOC01","SEG01","SUBSEG01",2,2,"PROD13",2,"PDTE",0,0
"SOC01","SEG01","SUBSEG01",2,2,"PROD13",2,"ZONA01",46,0.23
"SOC01","SEG01","SUBSEG01",2,2,"PROD13",2,"ZONA02",20,0.1
"SOC01","SEG01","SUBSEG01",2,2,"PROD13",2,"ZONA03",134,0.67
"SOC01","SEG01","SUBSEG01",2,2,"PROD13",5,"ZONA01",11,0.6875
"SOC01","SEG01","SUBSEG01",2,2,"PROD13",5,"ZONA02",1,0.0625
"SOC01","SEG01","SUBSEG01",2,2,"PROD13",5,"ZONA03",4,0.25
"SOC01","SEG01","SUBSEG01",2,2,"PROD13",6,"PDTE",0,0
"SOC01","SEG01","SUBSEG01",2,2,"PROD13",6,"ZONA01",59,0.464566929133858
"SOC01","SEG01","SUBSEG01",2,2,"PROD13",6,"ZONA02",28,0.220472440944882
"SOC01","SEG01","SUBSEG01",2,2,"PROD13",6,"ZONA03",40,0.31496062992126
"SOC01","SEG01","SUBSEG01",2,2,"PROD13",9,"PDTE",0,0
"SOC01","SEG01","SUBSEG01",2,2,"PROD13",9,"ZONA01",40,0.396039603960396
"SOC01","SEG01","SUBSEG01",2,2,"PROD13",9,"ZONA02",30,0.297029702970297
"SOC01","SEG01","SUBSEG01",2,2,"PROD13",9,"ZONA03",31,0.306930693069307
"SOC01","SEG01","SUBSEG01",2,2,"PROD13",11,"PDTE",0,0
"SOC01","SEG01","SUBSEG01",2,2,"PROD13",11,"ZONA01",45,0.38135593220339
"SOC01","SEG01","SUBSEG01",2,2,"PROD13",11,"ZONA02",43,0.364406779661017
"SOC01","SEG01","SUBSEG01",2,2,"PROD13",11,"ZONA03",30,0.254237288135593
"SOC01","SEG01","SUBSEG01",2,2,"PROD13",99,"ZONA01",0,0
"SOC01","SEG01","SUBSEG02",2,2,"PROD11",2,"ZONA01",0,0
"SOC01","SEG01","SUBSEG02",2,2,"PROD11",2,"ZONA03",0,0
"SOC01","SEG01","SUBSEG02",2,2,"PROD11",6,"ZONA01",0,0
"SOC01","SEG01","SUBSEG02",2,2,"PROD11",6,"ZONA03",0,0
"SOC01","SEG01","SUBSEG02",2,2,"PROD11",9,"ZONA01",31,0.516666666666667
"SOC01","SEG01","SUBSEG02",2,2,"PROD11",9,"ZONA03",29,0.483333333333333
"SOC01","SEG01","SUBSEG02",2,2,"PROD11",11,"ZONA01",0,0
"SOC01","SEG02","LP01",1,1,"PROD11",1,"ZONA01",0,0
"SOC01","SEG02","LP01",1,1,"PROD11",2,"ZONA01",3,0.375
"SOC01","SEG02","LP01",1,1,"PROD11",2,"ZONA02",4,0.5
"SOC01","SEG02","LP01",1,1,"PROD11",2,"ZONA03",1,0.125
"SOC01","SEG02","LP01",1,1,"PROD11",5,"ZONA01",1,1
"SOC01","SEG02","LP01",1,1,"PROD11",6,"ZONA01",11,0.55
"SOC01","SEG02","LP01",1,1,"PROD11",6,"ZONA02",6,0.3
"SOC01","SEG02","LP01",1,1,"PROD11",6,"ZONA03",3,0.15
"SOC01","SEG02","LP01",1,1,"PROD11",9,"PDTE",0,0
"SOC01","SEG02","LP01",1,1,"PROD11",9,"ZONA01",47,0.301282051282051
"SOC01","SEG02","LP01",1,1,"PROD11",9,"ZONA02",54,0.346153846153846
"SOC01","SEG02","LP01",1,1,"PROD11",9,"ZONA03",55,0.352564102564103
"SOC01","SEG02","LP01",1,1,"PROD11",11,"ZONA01",0,0
"SOC01","SEG02","LP01",1,1,"PROD11",11,"ZONA02",0,0
"SOC01","SEG02","LP01",1,1,"PROD11",11,"ZONA03",0,0
"SOC01","SEG02","LP01",1,1,"PROD12",6,"ZONA01",1,1
"SOC01","SEG02","LP01",1,1,"PROD12",9,"ZONA01",0,0
"SOC01","SEG02","LP01",1,1,"PROD12",9,"ZONA02",1,1
"SOC01","SEG02","LP01",1,1,"PROD12",9,"ZONA03",0,0
"SOC01","SEG02","SUBSEG01",2,2,"PROD05",9,"ZONA01",2,1
"SOC01","SEG02","SUBSEG01",2,2,"PROD11",1,"ZONA01",0,0
"SOC01","SEG02","SUBSEG01",2,2,"PROD11",2,"ZONA01",0,0
"SOC01","SEG02","SUBSEG01",2,2,"PROD11",2,"ZONA02",1,0.333333333333333
"SOC01","SEG02","SUBSEG01",2,2,"PROD11",2,"ZONA03",2,0.666666666666667
"SOC01","SEG02","SUBSEG01",2,2,"PROD11",5,"ZONA03",2,1
"SOC01","SEG02","SUBSEG01",2,2,"PROD11",6,"ZONA01",12,0.571428571428571
"SOC01","SEG02","SUBSEG01",2,2,"PROD11",6,"ZONA02",1,0.0476190476190476
"SOC01","SEG02","SUBSEG01",2,2,"PROD11",6,"ZONA03",8,0.380952380952381
"SOC01","SEG02","SUBSEG01",2,2,"PROD11",9,"ZONA01",458,0.518099547511312
"SOC01","SEG02","SUBSEG01",2,2,"PROD11",9,"ZONA02",0,0
"SOC01","SEG02","SUBSEG01",2,2,"PROD11",9,"ZONA03",426,0.481900452488688
"SOC01","SEG02","SUBSEG01",2,2,"PROD11",11,"ZONA01",0,0
"SOC01","SEG02","SUBSEG01",2,2,"PROD11",11,"ZONA02",0,0
"SOC01","SEG02","SUBSEG01",2,2,"PROD11",11,"ZONA03",0,0
"SOC01","SEG02","SUBSEG02",2,2,"PROD11",2,"ZONA01",3,1
"SOC01","SEG02","SUBSEG02",2,2,"PROD11",2,"ZONA03",0,0
"SOC01","SEG02","SUBSEG02",2,2,"PROD11",5,"ZONA01",1,0.5
"SOC01","SEG02","SUBSEG02",2,2,"PROD11",5,"ZONA03",1,0.5
"SOC01","SEG02","SUBSEG02",2,2,"PROD11",6,"ZONA01",12,0.75
"SOC01","SEG02","SUBSEG02",2,2,"PROD11",6,"ZONA02",1,0.0625
"SOC01","SEG02","SUBSEG02",2,2,"PROD11",6,"ZONA03",3,0.1875
"SOC01","SEG02","SUBSEG02",2,2,"PROD11",9,"ZONA01",973,0.573364761343547
"SOC01","SEG02","SUBSEG02",2,2,"PROD11",9,"ZONA02",14,0.00824985268120212
"SOC01","SEG02","SUBSEG02",2,2,"PROD11",9,"ZONA03",710,0.41838538597525
"SOC01","SEG02","SUBSEG02",2,2,"PROD11",11,"ZONA01",1,0.5
"SOC01","SEG02","SUBSEG02",2,2,"PROD11",11,"ZONA03",1,0.5
"SOC02","SEG01","LP01",1,1,"",2,"ZONA02",0,0
"SOC02","SEG01","LP01",1,1,"PROD02",1,"PDTE",0,0
"SOC02","SEG01","LP01",1,1,"PROD02",1,"ZONA01",499,0.378603945371775
"SOC02","SEG01","LP01",1,1,"PROD02",1,"ZONA02",377,0.286039453717754
"SOC02","SEG01","LP01",1,1,"PROD02",1,"ZONA03",442,0.33535660091047
"SOC02","SEG01","LP01",1,1,"PROD02",2,"ZONA01",273,0.332926829268293
"SOC02","SEG01","LP01",1,1,"PROD02",2,"ZONA02",281,0.342682926829268
"SOC02","SEG01","LP01",1,1,"PROD02",2,"ZONA03",266,0.324390243902439
"SOC02","SEG01","LP01",1,1,"PROD02",3,"ZONA01",200,0.359066427289048
"SOC02","SEG01","LP01",1,1,"PROD02",3,"ZONA02",187,0.33572710951526
"SOC02","SEG01","LP01",1,1,"PROD02",3,"ZONA03",170,0.305206463195691
"SOC02","SEG01","LP01",1,1,"PROD02",4,"ZONA01",24,0.266666666666667
"SOC02","SEG01","LP01",1,1,"PROD02",4,"ZONA02",26,0.288888888888889
"SOC02","SEG01","LP01",1,1,"PROD02",4,"ZONA03",40,0.444444444444444
"SOC02","SEG01","LP01",1,1,"PROD02",5,"ZONA01",190,0.357815442561205
"SOC02","SEG01","LP01",1,1,"PROD02",5,"ZONA02",230,0.433145009416196
"SOC02","SEG01","LP01",1,1,"PROD02",5,"ZONA03",111,0.209039548022599
"SOC02","SEG01","LP01",1,1,"PROD02",6,"ZONA01",649,0.409722222222222
"SOC02","SEG01","LP01",1,1,"PROD02",6,"ZONA02",622,0.392676767676768
"SOC02","SEG01","LP01",1,1,"PROD02",6,"ZONA03",313,0.19760101010101
"SOC02","SEG01","LP01",1,1,"PROD02",7,"PDTE",0,0
"SOC02","SEG01","LP01",1,1,"PROD02",7,"ZONA01",351,0.423401688781665
"SOC02","SEG01","LP01",1,1,"PROD02",7,"ZONA02",270,0.325693606755127
"SOC02","SEG01","LP01",1,1,"PROD02",7,"ZONA03",208,0.250904704463209
"SOC02","SEG01","LP01",1,1,"PROD02",8,"ZONA01",1,0.5
"SOC02","SEG01","LP01",1,1,"PROD02",8,"ZONA02",1,0.5
"SOC02","SEG01","LP01",1,1,"PROD02",9,"ZONA01",50,0.515463917525773
"SOC02","SEG01","LP01",1,1,"PROD02",9,"ZONA02",25,0.257731958762887
"SOC02","SEG01","LP01",1,1,"PROD02",9,"ZONA03",22,0.22680412371134
"SOC02","SEG01","LP01",1,1,"PROD02",10,"ZONA01",12,0.307692307692308
"SOC02","SEG01","LP01",1,1,"PROD02",10,"ZONA02",13,0.333333333333333
"SOC02","SEG01","LP01",1,1,"PROD02",10,"ZONA03",14,0.358974358974359
"SOC02","SEG01","LP01",1,1,"PROD02",11,"ZONA01",64,0.653061224489796
"SOC02","SEG01","LP01",1,1,"PROD02",11,"ZONA02",2,0.0204081632653061
"SOC02","SEG01","LP01",1,1,"PROD02",11,"ZONA03",32,0.326530612244898
"SOC02","SEG01","LP01",1,1,"PROD02",99,"ZONA01",0,0
"SOC02","SEG01","LP01",1,1,"PROD03",1,"PDTE",0,0
"SOC02","SEG01","LP01",1,1,"PROD03",1,"ZONA01",49,0.35
"SOC02","SEG01","LP01",1,1,"PROD03",1,"ZONA02",70,0.5
"SOC02","SEG01","LP01",1,1,"PROD03",1,"ZONA03",21,0.15
"SOC02","SEG01","LP01",1,1,"PROD03",2,"PDTE",0,0
"SOC02","SEG01","LP01",1,1,"PROD03",2,"ZONA01",215,0.350162866449511
"SOC02","SEG01","LP01",1,1,"PROD03",2,"ZONA02",222,0.361563517915309
"SOC02","SEG01","LP01",1,1,"PROD03",2,"ZONA03",177,0.288273615635179
"SOC02","SEG01","LP01",1,1,"PROD03",3,"ZONA01",2,0.666666666666667
"SOC02","SEG01","LP01",1,1,"PROD03",3,"ZONA02",1,0.333333333333333
"SOC02","SEG01","LP01",1,1,"PROD03",3,"ZONA03",0,0
"SOC02","SEG01","LP01",1,1,"PROD03",4,"ZONA01",0,0
"SOC02","SEG01","LP01",1,1,"PROD03",4,"ZONA02",0,0
"SOC02","SEG01","LP01",1,1,"PROD03",4,"ZONA03",0,0
"SOC02","SEG01","LP01",1,1,"PROD03",5,"PDTE",0,0
"SOC02","SEG01","LP01",1,1,"PROD03",5,"ZONA01",16,0.280701754385965
"SOC02","SEG01","LP01",1,1,"PROD03",5,"ZONA02",31,0.543859649122807
"SOC02","SEG01","LP01",1,1,"PROD03",5,"ZONA03",10,0.175438596491228
"SOC02","SEG01","LP01",1,1,"PROD03",6,"PDTE",0,0
"SOC02","SEG01","LP01",1,1,"PROD03",6,"ZONA01",15,0.365853658536585
"SOC02","SEG01","LP01",1,1,"PROD03",6,"ZONA02",18,0.439024390243902
"SOC02","SEG01","LP01",1,1,"PROD03",6,"ZONA03",8,0.195121951219512
"SOC02","SEG01","LP01",1,1,"PROD03",7,"PDTE",0,0
"SOC02","SEG01","LP01",1,1,"PROD03",7,"ZONA01",5,0.5
"SOC02","SEG01","LP01",1,1,"PROD03",7,"ZONA02",2,0.2
"SOC02","SEG01","LP01",1,1,"PROD03",7,"ZONA03",3,0.3
"SOC02","SEG01","LP01",1,1,"PROD03",8,"PDTE",0,0
"SOC02","SEG01","LP01",1,1,"PROD03",8,"ZONA01",2,0.4
"SOC02","SEG01","LP01",1,1,"PROD03",8,"ZONA02",2,0.4
"SOC02","SEG01","LP01",1,1,"PROD03",8,"ZONA03",1,0.2
"SOC02","SEG01","LP01",1,1,"PROD03",9,"PDTE",0,0
"SOC02","SEG01","LP01",1,1,"PROD03",9,"ZONA01",238,0.367283950617284
"SOC02","SEG01","LP01",1,1,"PROD03",9,"ZONA02",250,0.385802469135802
"SOC02","SEG01","LP01",1,1,"PROD03",9,"ZONA03",160,0.246913580246914
"SOC02","SEG01","LP01",1,1,"PROD03",11,"PDTE",0,0
"SOC02","SEG01","LP01",1,1,"PROD03",11,"ZONA01",25,0.520833333333333
"SOC02","SEG01","LP01",1,1,"PROD03",11,"ZONA02",18,0.375
"SOC02","SEG01","LP01",1,1,"PROD03",11,"ZONA03",5,0.104166666666667
"SOC02","SEG01","LP01",1,1,"PROD03",99,"ZONA01",0,0
"SOC02","SEG01","LP01",1,1,"PROD03",99,"ZONA02",0,0
"SOC02","SEG01","LP01",1,1,"PROD03",99,"ZONA03",0,0
"SOC02","SEG01","LP01",1,1,"PROD04",1,"PDTE",0,0
"SOC02","SEG01","LP01",1,1,"PROD04",1,"ZONA01",1259,0.341192411924119
"SOC02","SEG01","LP01",1,1,"PROD04",1,"ZONA02",1530,0.414634146341463
"SOC02","SEG01","LP01",1,1,"PROD04",1,"ZONA03",901,0.244173441734417
"SOC02","SEG01","LP01",1,1,"PROD04",2,"PDTE",0,0
"SOC02","SEG01","LP01",1,1,"PROD04",2,"ZONA01",11600,0.275423225775815
"SOC02","SEG01","LP01",1,1,"PROD04",2,"ZONA02",16902,0.401310634660588
"SOC02","SEG01","LP01",1,1,"PROD04",2,"ZONA03",13615,0.323266139563597
"SOC02","SEG01","LP01",1,1,"PROD04",3,"PDTE",4,6.56081879018502e-05
"SOC02","SEG01","LP01",1,1,"PROD04",3,"ZONA01",26318,0.431669072300223
"SOC02","SEG01","LP01",1,1,"PROD04",3,"ZONA02",24025,0.394059178585487
"SOC02","SEG01","LP01",1,1,"PROD04",3,"ZONA03",10621,0.174206140926388
"SOC02","SEG01","LP01",1,1,"PROD04",4,"PDTE",0,0
"SOC02","SEG01","LP01",1,1,"PROD04",4,"ZONA01",1079,0.273718924403856
"SOC02","SEG01","LP01",1,1,"PROD04",4,"ZONA02",1263,0.320395738203957
"SOC02","SEG01","LP01",1,1,"PROD04",4,"ZONA03",1600,0.405885337392187
"SOC02","SEG01","LP01",1,1,"PROD04",5,"PDTE",0,0
"SOC02","SEG01","LP01",1,1,"PROD04",5,"ZONA01",23508,0.383347194364268
"SOC02","SEG01","LP01",1,1,"PROD04",5,"ZONA02",24229,0.395104610015818
"SOC02","SEG01","LP01",1,1,"PROD04",5,"ZONA03",13586,0.221548195619914
"SOC02","SEG01","LP01",1,1,"PROD04",6,"PDTE",0,0
"SOC02","SEG01","LP01",1,1,"PROD04",6,"ZONA01",14217,0.40628125625125
"SOC02","SEG01","LP01",1,1,"PROD04",6,"ZONA02",14081,0.402394764667219
"SOC02","SEG01","LP01",1,1,"PROD04",6,"ZONA03",6695,0.191323979081531
"SOC02","SEG01","LP01",1,1,"PROD04",7,"PDTE",1,4.5160998961297e-05
"SOC02","SEG01","LP01",1,1,"PROD04",7,"ZONA01",10322,0.466151831278508
"SOC02","SEG01","LP01",1,1,"PROD04",7,"ZONA02",6944,0.313597976787247
"SOC02","SEG01","LP01",1,1,"PROD04",7,"ZONA03",4876,0.220205030935284
"SOC02","SEG01","LP01",1,1,"PROD04",8,"PDTE",0,0
"SOC02","SEG01","LP01",1,1,"PROD04",8,"ZONA01",618,0.192044748290864
"SOC02","SEG01","LP01",1,1,"PROD04",8,"ZONA02",2494,0.775015537600994
"SOC02","SEG01","LP01",1,1,"PROD04",8,"ZONA03",106,0.0329397141081417
"SOC02","SEG01","LP01",1,1,"PROD04",9,"PDTE",1,0.000325732899022801
"SOC02","SEG01","LP01",1,1,"PROD04",9,"ZONA01",1258,0.409771986970684
"SOC02","SEG01","LP01",1,1,"PROD04",9,"ZONA02",1082,0.352442996742671
"SOC02","SEG01","LP01",1,1,"PROD04",9,"ZONA03",729,0.237459283387622
"SOC02","SEG01","LP01",1,1,"PROD04",10,"ZONA01",4,0.307692307692308
"SOC02","SEG01","LP01",1,1,"PROD04",10,"ZONA02",2,0.153846153846154
"SOC02","SEG01","LP01",1,1,"PROD04",10,"ZONA03",7,0.538461538461538
"SOC02","SEG01","LP01",1,1,"PROD04",11,"PDTE",0,0
"SOC02","SEG01","LP01",1,1,"PROD04",11,"ZONA01",468,0.386776859504132
"SOC02","SEG01","LP01",1,1,"PROD04",11,"ZONA02",504,0.416528925619835
"SOC02","SEG01","LP01",1,1,"PROD04",11,"ZONA03",238,0.196694214876033
"SOC02","SEG01","LP01",1,1,"PROD04",99,"ZONA01",0,0
"SOC02","SEG01","LP01",1,1,"PROD04",99,"ZONA02",0,0
"SOC02","SEG01","LP01",1,1,"PROD09",1,"PDTE",0,0
"SOC02","SEG01","LP01",1,1,"PROD09",1,"ZONA01",65,0.457746478873239
"SOC02","SEG01","LP01",1,1,"PROD09",1,"ZONA02",35,0.246478873239437
"SOC02","SEG01","LP01",1,1,"PROD09",1,"ZONA03",42,0.295774647887324
"SOC02","SEG01","LP01",1,1,"PROD09",2,"PDTE",0,0
"SOC02","SEG01","LP01",1,1,"PROD09",2,"ZONA01",231,0.471428571428571
"SOC02","SEG01","LP01",1,1,"PROD09",2,"ZONA02",141,0.287755102040816
"SOC02","SEG01","LP01",1,1,"PROD09",2,"ZONA03",118,0.240816326530612
"SOC02","SEG01","LP01",1,1,"PROD09",3,"ZONA01",91,0.733870967741935
"SOC02","SEG01","LP01",1,1,"PROD09",3,"ZONA02",25,0.201612903225806
"SOC02","SEG01","LP01",1,1,"PROD09",3,"ZONA03",8,0.0645161290322581
"SOC02","SEG01","LP01",1,1,"PROD09",4,"ZONA01",11,0.282051282051282
"SOC02","SEG01","LP01",1,1,"PROD09",4,"ZONA02",8,0.205128205128205
"SOC02","SEG01","LP01",1,1,"PROD09",4,"ZONA03",20,0.512820512820513
"SOC02","SEG01","LP01",1,1,"PROD09",5,"PDTE",0,0
"SOC02","SEG01","LP01",1,1,"PROD09",5,"ZONA01",1690,0.400853889943074
"SOC02","SEG01","LP01",1,1,"PROD09",5,"ZONA02",1675,0.397296015180266
"SOC02","SEG01","LP01",1,1,"PROD09",5,"ZONA03",851,0.20185009487666
"SOC02","SEG01","LP01",1,1,"PROD09",6,"PDTE",0,0
"SOC02","SEG01","LP01",1,1,"PROD09",6,"ZONA01",1476,0.450137236962489
"SOC02","SEG01","LP01",1,1,"PROD09",6,"ZONA02",1143,0.348581884720952
"SOC02","SEG01","LP01",1,1,"PROD09",6,"ZONA03",660,0.20128087831656
"SOC02","SEG01","LP01",1,1,"PROD09",7,"ZONA01",1023,0.492300288739172
"SOC02","SEG01","LP01",1,1,"PROD09",7,"ZONA02",621,0.298845043310876
"SOC02","SEG01","LP01",1,1,"PROD09",7,"ZONA03",434,0.208854667949952
"SOC02","SEG01","LP01",1,1,"PROD09",8,"ZONA01",5,0.714285714285714
"SOC02","SEG01","LP01",1,1,"PROD09",8,"ZONA02",2,0.285714285714286
"SOC02","SEG01","LP01",1,1,"PROD09",8,"ZONA03",0,0
"SOC02","SEG01","LP01",1,1,"PROD09",9,"PDTE",0,0
"SOC02","SEG01","LP01",1,1,"PROD09",9,"ZONA01",382,0.445221445221445
"SOC02","SEG01","LP01",1,1,"PROD09",9,"ZONA02",275,0.320512820512821
"SOC02","SEG01","LP01",1,1,"PROD09",9,"ZONA03",201,0.234265734265734
"SOC02","SEG01","LP01",1,1,"PROD09",11,"ZONA01",21,0.368421052631579
"SOC02","SEG01","LP01",1,1,"PROD09",11,"ZONA02",22,0.385964912280702
"SOC02","SEG01","LP01",1,1,"PROD09",11,"ZONA03",14,0.245614035087719
"SOC02","SEG01","LP01",1,1,"PROD10",1,"PDTE",0,0
"SOC02","SEG01","LP01",1,1,"PROD10",1,"ZONA01",53,0.420634920634921
"SOC02","SEG01","LP01",1,1,"PROD10",1,"ZONA02",45,0.357142857142857
"SOC02","SEG01","LP01",1,1,"PROD10",1,"ZONA03",28,0.222222222222222
"SOC02","SEG01","LP01",1,1,"PROD10",2,"PDTE",0,0
"SOC02","SEG01","LP01",1,1,"PROD10",2,"ZONA01",327,0.366181410974244
"SOC02","SEG01","LP01",1,1,"PROD10",2,"ZONA02",353,0.395296752519597
"SOC02","SEG01","LP01",1,1,"PROD10",2,"ZONA03",213,0.238521836506159
"SOC02","SEG01","LP01",1,1,"PROD10",3,"ZONA01",5297,0.488427846934071
"SOC02","SEG01","LP01",1,1,"PROD10",3,"ZONA02",3948,0.364038727524205
"SOC02","SEG01","LP01",1,1,"PROD10",3,"ZONA03",1600,0.147533425541724
"SOC02","SEG01","LP01",1,1,"PROD10",4,"ZONA01",10,0.303030303030303
"SOC02","SEG01","LP01",1,1,"PROD10",4,"ZONA02",4,0.121212121212121
"SOC02","SEG01","LP01",1,1,"PROD10",4,"ZONA03",19,0.575757575757576
"SOC02","SEG01","LP01",1,1,"PROD10",5,"PDTE",0,0
"SOC02","SEG01","LP01",1,1,"PROD10",5,"ZONA01",3674,0.386005463332633
"SOC02","SEG01","LP01",1,1,"PROD10",5,"ZONA02",3509,0.368669888632066
"SOC02","SEG01","LP01",1,1,"PROD10",5,"ZONA03",2335,0.245324648035302
"SOC02","SEG01","LP01",1,1,"PROD10",6,"PDTE",0,0
"SOC02","SEG01","LP01",1,1,"PROD10",6,"ZONA01",1175,0.420544022906228
"SOC02","SEG01","LP01",1,1,"PROD10",6,"ZONA02",1113,0.398353614889048
"SOC02","SEG01","LP01",1,1,"PROD10",6,"ZONA03",506,0.181102362204724
"SOC02","SEG01","LP01",1,1,"PROD10",7,"PDTE",1,0.00024740227610094
"SOC02","SEG01","LP01",1,1,"PROD10",7,"ZONA01",1860,0.460168233547749
"SOC02","SEG01","LP01",1,1,"PROD10",7,"ZONA02",1380,0.341415141019297
"SOC02","SEG01","LP01",1,1,"PROD10",7,"ZONA03",801,0.198169223156853
"SOC02","SEG01","LP01",1,1,"PROD10",8,"ZONA01",370,0.237331622835151
"SOC02","SEG01","LP01",1,1,"PROD10",8,"ZONA02",1149,0.737010904425914
"SOC02","SEG01","LP01",1,1,"PROD10",8,"ZONA03",40,0.0256574727389352
"SOC02","SEG01","LP01",1,1,"PROD10",9,"PDTE",0,0
"SOC02","SEG01","LP01",1,1,"PROD10",9,"ZONA01",135,0.490909090909091
"SOC02","SEG01","LP01",1,1,"PROD10",9,"ZONA02",78,0.283636363636364
"SOC02","SEG01","LP01",1,1,"PROD10",9,"ZONA03",62,0.225454545454545
"SOC02","SEG01","LP01",1,1,"PROD10",11,"ZONA01",101,0.433476394849785
"SOC02","SEG01","LP01",1,1,"PROD10",11,"ZONA02",87,0.373390557939914
"SOC02","SEG01","LP01",1,1,"PROD10",11,"ZONA03",45,0.1931330472103
"SOC02","SEG01","LP03",3,3,"",3,"ZONA02",1,1
"SOC02","SEG01","LP03",3,3,"",11,"ZONA01",1,0.5
"SOC02","SEG01","LP03",3,3,"",11,"ZONA02",1,0.5
"SOC02","SEG01","LP03",3,3,"PROD07",1,"PDTE",0,0
"SOC02","SEG01","LP03",3,3,"PROD07",1,"ZONA01",419,0.506038647342995
"SOC02","SEG01","LP03",3,3,"PROD07",1,"ZONA02",209,0.252415458937198
"SOC02","SEG01","LP03",3,3,"PROD07",1,"ZONA03",200,0.241545893719807
"SOC02","SEG01","LP03",3,3,"PROD07",2,"PDTE",0,0
"SOC02","SEG01","LP03",3,3,"PROD07",2,"ZONA01",10335,0.312575610936366
"SOC02","SEG01","LP03",3,3,"PROD07",2,"ZONA02",11606,0.351016210984757
"SOC02","SEG01","LP03",3,3,"PROD07",2,"ZONA03",11123,0.336408178078877
"SOC02","SEG01","LP03",3,3,"PROD07",3,"PDTE",5,8.79167252778169e-05
"SOC02","SEG01","LP03",3,3,"PROD07",3,"ZONA01",23264,0.409058939372626
"SOC02","SEG01","LP03",3,3,"PROD07",3,"ZONA02",26038,0.457835138556759
"SOC02","SEG01","LP03",3,3,"PROD07",3,"ZONA03",7565,0.133018005345337
"SOC02","SEG01","LP03",3,3,"PROD07",4,"PDTE",0,0
"SOC02","SEG01","LP03",3,3,"PROD07",4,"ZONA01",390,0.32967032967033
"SOC02","SEG01","LP03",3,3,"PROD07",4,"ZONA02",472,0.398985629754861
"SOC02","SEG01","LP03",3,3,"PROD07",4,"ZONA03",321,0.27134404057481
"SOC02","SEG01","LP03",3,3,"PROD07",5,"PDTE",0,0
"SOC02","SEG01","LP03",3,3,"PROD07",5,"ZONA01",27613,0.386363318361807
"SOC02","SEG01","LP03",3,3,"PROD07",5,"ZONA02",27470,0.384362450852817
"SOC02","SEG01","LP03",3,3,"PROD07",5,"ZONA03",16386,0.229274230785375
"SOC02","SEG01","LP03",3,3,"PROD07",6,"PDTE",1,2.11385207263196e-05
"SOC02","SEG01","LP03",3,3,"PROD07",6,"ZONA01",19633,0.415012577419832
"SOC02","SEG01","LP03",3,3,"PROD07",6,"ZONA02",19153,0.404866087471199
"SOC02","SEG01","LP03",3,3,"PROD07",6,"ZONA03",8520,0.180100196588243
"SOC02","SEG01","LP03",3,3,"PROD07",7,"PDTE",1,6.06832938891923e-05
"SOC02","SEG01","LP03",3,3,"PROD07",7,"ZONA01",7514,0.455974270283391
"SOC02","SEG01","LP03",3,3,"PROD07",7,"ZONA02",5544,0.336428181321682
"SOC02","SEG01","LP03",3,3,"PROD07",7,"ZONA03",3420,0.207536865101038
"SOC02","SEG01","LP03",3,3,"PROD07",8,"PDTE",0,0
"SOC02","SEG01","LP03",3,3,"PROD07",8,"ZONA01",1511,0.364359778152882
"SOC02","SEG01","LP03",3,3,"PROD07",8,"ZONA02",2042,0.492404147576561
"SOC02","SEG01","LP03",3,3,"PROD07",8,"ZONA03",594,0.143236074270557
"SOC02","SEG01","LP03",3,3,"PROD07",9,"PDTE",0,0
"SOC02","SEG01","LP03",3,3,"PROD07",9,"ZONA01",531,0.423782920989625
"SOC02","SEG01","LP03",3,3,"PROD07",9,"ZONA02",499,0.398244213886672
"SOC02","SEG01","LP03",3,3,"PROD07",9,"ZONA03",223,0.177972865123703
"SOC02","SEG01","LP03",3,3,"PROD07",11,"PDTE",0,0
"SOC02","SEG01","LP03",3,3,"PROD07",11,"ZONA01",1819,0.463912267278755
"SOC02","SEG01","LP03",3,3,"PROD07",11,"ZONA02",1426,0.363682733996429
"SOC02","SEG01","LP03",3,3,"PROD07",11,"ZONA03",676,0.172404998724815
"SOC02","SEG01","LP03",3,4,"PROD07",1,"PDTE",0,0
"SOC02","SEG01","LP03",3,4,"PROD07",1,"ZONA01",1310,0.645638245441104
"SOC02","SEG01","LP03",3,4,"PROD07",1,"ZONA02",241,0.118777723016264
"SOC02","SEG01","LP03",3,4,"PROD07",1,"ZONA03",478,0.235584031542632
"SOC02","SEG01","LP03",3,4,"PROD07",2,"PDTE",0,0
"SOC02","SEG01","LP03",3,4,"PROD07",2,"ZONA01",12889,0.2135531438986
"SOC02","SEG01","LP03",3,4,"PROD07",2,"ZONA02",3889,0.0644354237428548
"SOC02","SEG01","LP03",3,4,"PROD07",2,"ZONA03",43577,0.722011432358545
"SOC02","SEG01","LP03",3,4,"PROD07",3,"PDTE",13,7.63704082292052e-05
"SOC02","SEG01","LP03",3,4,"PROD07",3,"ZONA01",94516,0.555248115707043
"SOC02","SEG01","LP03",3,4,"PROD07",3,"ZONA02",49457,0.290542406137831
"SOC02","SEG01","LP03",3,4,"PROD07",3,"ZONA03",26237,0.154133107746897
"SOC02","SEG01","LP03",3,4,"PROD07",4,"PDTE",0,0
"SOC02","SEG01","LP03",3,4,"PROD07",4,"ZONA01",656,0.371460928652322
"SOC02","SEG01","LP03",3,4,"PROD07",4,"ZONA02",759,0.429784824462061
"SOC02","SEG01","LP03",3,4,"PROD07",4,"ZONA03",351,0.198754246885617
"SOC02","SEG01","LP03",3,4,"PROD07",5,"PDTE",3,1.72269245345859e-05
"SOC02","SEG01","LP03",3,4,"PROD07",5,"ZONA01",71510,0.410632457822746
"SOC02","SEG01","LP03",3,4,"PROD07",5,"ZONA02",56342,0.32353312737588
"SOC02","SEG01","LP03",3,4,"PROD07",5,"ZONA03",46291,0.265817187876839
"SOC02","SEG01","LP03",3,4,"PROD07",6,"PDTE",0,0
"SOC02","SEG01","LP03",3,4,"PROD07",6,"ZONA01",28550,0.483513133605433
"SOC02","SEG01","LP03",3,4,"PROD07",6,"ZONA02",16927,0.286669940894542
"SOC02","SEG01","LP03",3,4,"PROD07",6,"ZONA03",13570,0.229816925500025
"SOC02","SEG01","LP03",3,4,"PROD07",7,"PDTE",1,2.84308987007079e-05
"SOC02","SEG01","LP03",3,4,"PROD07",7,"ZONA01",19428,0.552355499957354
"SOC02","SEG01","LP03",3,4,"PROD07",7,"ZONA02",6825,0.194040883632332
"SOC02","SEG01","LP03",3,4,"PROD07",7,"ZONA03",8919,0.253575185511614
"SOC02","SEG01","LP03",3,4,"PROD07",8,"PDTE",1,8.5499316005472e-05
"SOC02","SEG01","LP03",3,4,"PROD07",8,"ZONA01",3742,0.319938440492476
"SOC02","SEG01","LP03",3,4,"PROD07",8,"ZONA02",7649,0.653984268125855
"SOC02","SEG01","LP03",3,4,"PROD07",8,"ZONA03",304,0.0259917920656635
"SOC02","SEG01","LP03",3,4,"PROD07",9,"PDTE",0,0
"SOC02","SEG01","LP03",3,4,"PROD07",9,"ZONA01",246,0.51356993736952
"SOC02","SEG01","LP03",3,4,"PROD07",9,"ZONA02",138,0.288100208768267
"SOC02","SEG01","LP03",3,4,"PROD07",9,"ZONA03",95,0.198329853862213
"SOC02","SEG01","LP03",3,4,"PROD07",11,"ZONA01",717,0.502100840336134
"SOC02","SEG01","LP03",3,4,"PROD07",11,"ZONA02",378,0.264705882352941
"SOC02","SEG01","LP03",3,4,"PROD07",11,"ZONA03",333,0.233193277310924
"SOC02","SEG01","LP03",3,5,"PROD07",1,"PDTE",0,0
"SOC02","SEG01","LP03",3,5,"PROD07",1,"ZONA01",30,0.576923076923077
"SOC02","SEG01","LP03",3,5,"PROD07",1,"ZONA02",8,0.153846153846154
"SOC02","SEG01","LP03",3,5,"PROD07",1,"ZONA03",14,0.269230769230769
"SOC02","SEG01","LP03",3,5,"PROD07",2,"PDTE",0,0
"SOC02","SEG01","LP03",3,5,"PROD07",2,"ZONA01",1713,0.302757158006363
"SOC02","SEG01","LP03",3,5,"PROD07",2,"ZONA02",176,0.0311063980205019
"SOC02","SEG01","LP03",3,5,"PROD07",2,"ZONA03",3769,0.666136443973135
"SOC02","SEG01","LP03",3,5,"PROD07",3,"PDTE",1,3.71747211895911e-05
"SOC02","SEG01","LP03",3,5,"PROD07",3,"ZONA01",14633,0.543977695167286
"SOC02","SEG01","LP03",3,5,"PROD07",3,"ZONA02",8077,0.300260223048327
"SOC02","SEG01","LP03",3,5,"PROD07",3,"ZONA03",4189,0.155724907063197
"SOC02","SEG01","LP03",3,5,"PROD07",4,"ZONA01",33,0.217105263157895
"SOC02","SEG01","LP03",3,5,"PROD07",4,"ZONA02",106,0.697368421052632
"SOC02","SEG01","LP03",3,5,"PROD07",4,"ZONA03",13,0.0855263157894737
"SOC02","SEG01","LP03",3,5,"PROD07",5,"PDTE",3,2.05579425611085e-05
"SOC02","SEG01","LP03",3,5,"PROD07",5,"ZONA01",59434,0.407280252725641
"SOC02","SEG01","LP03",3,5,"PROD07",5,"ZONA02",49658,0.340288770566508
"SOC02","SEG01","LP03",3,5,"PROD07",5,"ZONA03",36834,0.25241041876529
"SOC02","SEG01","LP03",3,5,"PROD07",6,"PDTE",0,0
"SOC02","SEG01","LP03",3,5,"PROD07",6,"ZONA01",22211,0.464150627964809
"SOC02","SEG01","LP03",3,5,"PROD07",6,"ZONA02",14777,0.308799866257079
"SOC02","SEG01","LP03",3,5,"PROD07",6,"ZONA03",10865,0.227049505778112
"SOC02","SEG01","LP03",3,5,"PROD07",7,"ZONA01",3757,0.540964722822174
"SOC02","SEG01","LP03",3,5,"PROD07",7,"ZONA02",1578,0.227213822894168
"SOC02","SEG01","LP03",3,5,"PROD07",7,"ZONA03",1610,0.231821454283657
"SOC02","SEG01","LP03",3,5,"PROD07",8,"ZONA01",720,0.820980615735462
"SOC02","SEG01","LP03",3,5,"PROD07",8,"ZONA02",58,0.0661345496009122
"SOC02","SEG01","LP03",3,5,"PROD07",8,"ZONA03",99,0.112884834663626
"SOC02","SEG01","LP03",3,5,"PROD07",9,"PDTE",0,0
"SOC02","SEG01","LP03",3,5,"PROD07",9,"ZONA01",63,0.5625
"SOC02","SEG01","LP03",3,5,"PROD07",9,"ZONA02",28,0.25
"SOC02","SEG01","LP03",3,5,"PROD07",9,"ZONA03",21,0.1875
"SOC02","SEG01","LP03",3,5,"PROD07",11,"ZONA01",228,0.503311258278146
"SOC02","SEG01","LP03",3,5,"PROD07",11,"ZONA02",136,0.300220750551876
"SOC02","SEG01","LP03",3,5,"PROD07",11,"ZONA03",89,0.196467991169978
"SOC02","SEG01","LP04",4,6,"PROD06",1,"PDTE",0,0
"SOC02","SEG01","LP04",4,6,"PROD06",1,"ZONA01",4,0.0526315789473684
"SOC02","SEG01","LP04",4,6,"PROD06",1,"ZONA02",71,0.934210526315789
"SOC02","SEG01","LP04",4,6,"PROD06",1,"ZONA03",1,0.0131578947368421
"SOC02","SEG01","LP04",4,6,"PROD06",2,"PDTE",0,0
"SOC02","SEG01","LP04",4,6,"PROD06",2,"ZONA01",267,0.190714285714286
"SOC02","SEG01","LP04",4,6,"PROD06",2,"ZONA02",233,0.166428571428571
"SOC02","SEG01","LP04",4,6,"PROD06",2,"ZONA03",900,0.642857142857143
"SOC02","SEG01","LP04",4,6,"PROD06",3,"ZONA01",4716,0.507096774193548
"SOC02","SEG01","LP04",4,6,"PROD06",3,"ZONA02",2220,0.238709677419355
"SOC02","SEG01","LP04",4,6,"PROD06",3,"ZONA03",2364,0.254193548387097
"SOC02","SEG01","LP04",4,6,"PROD06",4,"ZONA01",2,0.666666666666667
"SOC02","SEG01","LP04",4,6,"PROD06",4,"ZONA03",1,0.333333333333333
"SOC02","SEG01","LP04",4,6,"PROD06",5,"PDTE",0,0
"SOC02","SEG01","LP04",4,6,"PROD06",5,"ZONA01",9144,0.470056032488562
"SOC02","SEG01","LP04",4,6,"PROD06",5,"ZONA02",5899,0.303243715622269
"SOC02","SEG01","LP04",4,6,"PROD06",5,"ZONA03",4410,0.226700251889169
"SOC02","SEG01","LP04",4,6,"PROD06",6,"PDTE",0,0
"SOC02","SEG01","LP04",4,6,"PROD06",6,"ZONA01",5244,0.48867766284596
"SOC02","SEG01","LP04",4,6,"PROD06",6,"ZONA02",3110,0.28981455595937
"SOC02","SEG01","LP04",4,6,"PROD06",6,"ZONA03",2377,0.22150778119467
"SOC02","SEG01","LP04",4,6,"PROD06",7,"ZONA01",2275,0.488302210774844
"SOC02","SEG01","LP04",4,6,"PROD06",7,"ZONA02",1314,0.282034771410174
"SOC02","SEG01","LP04",4,6,"PROD06",7,"ZONA03",1070,0.229663017814982
"SOC02","SEG01","LP04",4,6,"PROD06",8,"ZONA01",21,0.456521739130435
"SOC02","SEG01","LP04",4,6,"PROD06",8,"ZONA02",23,0.5
"SOC02","SEG01","LP04",4,6,"PROD06",8,"ZONA03",2,0.0434782608695652
"SOC02","SEG01","LP04",4,6,"PROD06",9,"ZONA01",5,0.357142857142857
"SOC02","SEG01","LP04",4,6,"PROD06",9,"ZONA02",6,0.428571428571429
"SOC02","SEG01","LP04",4,6,"PROD06",9,"ZONA03",3,0.214285714285714
"SOC02","SEG01","LP04",4,6,"PROD06",11,"ZONA01",11,0.611111111111111
"SOC02","SEG01","LP04",4,6,"PROD06",11,"ZONA02",4,0.222222222222222
"SOC02","SEG01","LP04",4,6,"PROD06",11,"ZONA03",3,0.166666666666667
"SOC02","SEG01","SUBSEG01",2,2,"PROD02",1,"ZONA01",5423,0.406004342292431
"SOC02","SEG01","SUBSEG01",2,2,"PROD02",1,"ZONA02",5942,0.444860372838212
"SOC02","SEG01","SUBSEG01",2,2,"PROD02",1,"ZONA03",1992,0.149135284869357
"SOC02","SEG01","SUBSEG01",2,2,"PROD02",2,"PDTE",0,0
"SOC02","SEG01","SUBSEG01",2,2,"PROD02",2,"ZONA01",949,0.190066092529541
"SOC02","SEG01","SUBSEG01",2,2,"PROD02",2,"ZONA02",2333,0.467254155818145
"SOC02","SEG01","SUBSEG01",2,2,"PROD02",2,"ZONA03",1711,0.342679751652313
"SOC02","SEG01","SUBSEG01",2,2,"PROD02",3,"ZONA01",887,0.476369495166488
"SOC02","SEG01","SUBSEG01",2,2,"PROD02",3,"ZONA02",608,0.326530612244898
"SOC02","SEG01","SUBSEG01",2,2,"PROD02",3,"ZONA03",367,0.197099892588614
"SOC02","SEG01","SUBSEG01",2,2,"PROD02",4,"ZONA01",141,0.259191176470588
"SOC02","SEG01","SUBSEG01",2,2,"PROD02",4,"ZONA02",247,0.454044117647059
"SOC02","SEG01","SUBSEG01",2,2,"PROD02",4,"ZONA03",156,0.286764705882353
"SOC02","SEG01","SUBSEG01",2,2,"PROD02",5,"ZONA01",45,0.483870967741935
"SOC02","SEG01","SUBSEG01",2,2,"PROD02",5,"ZONA02",20,0.21505376344086
"SOC02","SEG01","SUBSEG01",2,2,"PROD02",5,"ZONA03",28,0.301075268817204
"SOC02","SEG01","SUBSEG01",2,2,"PROD02",6,"ZONA01",116,0.557692307692308
"SOC02","SEG01","SUBSEG01",2,2,"PROD02",6,"ZONA02",53,0.254807692307692
"SOC02","SEG01","SUBSEG01",2,2,"PROD02",6,"ZONA03",39,0.1875
"SOC02","SEG01","SUBSEG01",2,2,"PROD02",7,"ZONA01",202,0.524675324675325
"SOC02","SEG01","SUBSEG01",2,2,"PROD02",7,"ZONA02",107,0.277922077922078
"SOC02","SEG01","SUBSEG01",2,2,"PROD02",7,"ZONA03",76,0.197402597402597
"SOC02","SEG01","SUBSEG01",2,2,"PROD02",8,"ZONA01",1,0.166666666666667
"SOC02","SEG01","SUBSEG01",2,2,"PROD02",8,"ZONA02",5,0.833333333333333
"SOC02","SEG01","SUBSEG01",2,2,"PROD02",8,"ZONA03",0,0
"SOC02","SEG01","SUBSEG01",2,2,"PROD02",9,"ZONA01",24,0.521739130434783
"SOC02","SEG01","SUBSEG01",2,2,"PROD02",9,"ZONA02",12,0.260869565217391
"SOC02","SEG01","SUBSEG01",2,2,"PROD02",9,"ZONA03",10,0.217391304347826
"SOC02","SEG01","SUBSEG01",2,2,"PROD02",10,"ZONA01",8,0.533333333333333
"SOC02","SEG01","SUBSEG01",2,2,"PROD02",10,"ZONA02",1,0.0666666666666667
"SOC02","SEG01","SUBSEG01",2,2,"PROD02",10,"ZONA03",6,0.4
"SOC02","SEG01","SUBSEG01",2,2,"PROD02",11,"ZONA01",1,0.166666666666667
"SOC02","SEG01","SUBSEG01",2,2,"PROD02",11,"ZONA02",5,0.833333333333333
"SOC02","SEG01","SUBSEG01",2,2,"PROD02",11,"ZONA03",0,0
"SOC02","SEG01","SUBSEG01",2,2,"PROD04",1,"PDTE",1,3.5403242937053e-05
"SOC02","SEG01","SUBSEG01",2,2,"PROD04",1,"ZONA01",14952,0.529349288394817
"SOC02","SEG01","SUBSEG01",2,2,"PROD04",1,"ZONA02",7362,0.260638674502584
"SOC02","SEG01","SUBSEG01",2,2,"PROD04",1,"ZONA03",5931,0.209976633859662
"SOC02","SEG01","SUBSEG01",2,2,"PROD04",2,"PDTE",1,1.38131086400995e-05
"SOC02","SEG01","SUBSEG01",2,2,"PROD04",2,"ZONA01",24697,0.341142344084536
"SOC02","SEG01","SUBSEG01",2,2,"PROD04",2,"ZONA02",18536,0.256039781752883
"SOC02","SEG01","SUBSEG01",2,2,"PROD04",2,"ZONA03",29161,0.40280406105394
"SOC02","SEG01","SUBSEG01",2,2,"PROD04",3,"PDTE",14,6.35684609621541e-05
"SOC02","SEG01","SUBSEG01",2,2,"PROD04",3,"ZONA01",124485,0.565237133062411
"SOC02","SEG01","SUBSEG01",2,2,"PROD04",3,"ZONA02",57520,0.261175562467364
"SOC02","SEG01","SUBSEG01",2,2,"PROD04",3,"ZONA03",38216,0.173523736009263
"SOC02","SEG01","SUBSEG01",2,2,"PROD04",4,"PDTE",0,0
"SOC02","SEG01","SUBSEG01",2,2,"PROD04",4,"ZONA01",2952,0.455555555555556
"SOC02","SEG01","SUBSEG01",2,2,"PROD04",4,"ZONA02",2249,0.347067901234568
"SOC02","SEG01","SUBSEG01",2,2,"PROD04",4,"ZONA03",1279,0.197376543209877
"SOC02","SEG01","SUBSEG01",2,2,"PROD04",5,"PDTE",2,1.38663560602909e-05
"SOC02","SEG01","SUBSEG01",2,2,"PROD04",5,"ZONA01",63320,0.43900883286881
"SOC02","SEG01","SUBSEG01",2,2,"PROD04",5,"ZONA02",46245,0.320624818004077
"SOC02","SEG01","SUBSEG01",2,2,"PROD04",5,"ZONA03",34667,0.240352482771053
"SOC02","SEG01","SUBSEG01",2,2,"PROD04",6,"PDTE",0,0
"SOC02","SEG01","SUBSEG01",2,2,"PROD04",6,"ZONA01",23648,0.51709962389574
"SOC02","SEG01","SUBSEG01",2,2,"PROD04",6,"ZONA02",11435,0.250043733053442
"SOC02","SEG01","SUBSEG01",2,2,"PROD04",6,"ZONA03",10649,0.232856643050818
"SOC02","SEG01","SUBSEG01",2,2,"PROD04",7,"PDTE",2,2.38882983170694e-05
"SOC02","SEG01","SUBSEG01",2,2,"PROD04",7,"ZONA01",48566,0.580079548033396
"SOC02","SEG01","SUBSEG01",2,2,"PROD04",7,"ZONA02",15497,0.185098479509812
"SOC02","SEG01","SUBSEG01",2,2,"PROD04",7,"ZONA03",19658,0.234798084158475
"SOC02","SEG01","SUBSEG01",2,2,"PROD04",8,"PDTE",0,0
"SOC02","SEG01","SUBSEG01",2,2,"PROD04",8,"ZONA01",2504,0.213870857533311
"SOC02","SEG01","SUBSEG01",2,2,"PROD04",8,"ZONA02",8885,0.758882815169115
"SOC02","SEG01","SUBSEG01",2,2,"PROD04",8,"ZONA03",319,0.0272463272975743
"SOC02","SEG01","SUBSEG01",2,2,"PROD04",9,"PDTE",0,0
"SOC02","SEG01","SUBSEG01",2,2,"PROD04",9,"ZONA01",1732,0.511065210976689
"SOC02","SEG01","SUBSEG01",2,2,"PROD04",9,"ZONA02",835,0.246385364414281
"SOC02","SEG01","SUBSEG01",2,2,"PROD04",9,"ZONA03",822,0.242549424609029
"SOC02","SEG01","SUBSEG01",2,2,"PROD04",10,"ZONA01",304,0.625514403292181
"SOC02","SEG01","SUBSEG01",2,2,"PROD04",10,"ZONA02",38,0.0781893004115226
"SOC02","SEG01","SUBSEG01",2,2,"PROD04",10,"ZONA03",144,0.296296296296296
"SOC02","SEG01","SUBSEG01",2,2,"PROD04",11,"PDTE",0,0
"SOC02","SEG01","SUBSEG01",2,2,"PROD04",11,"ZONA01",897,0.500837520938023
"SOC02","SEG01","SUBSEG01",2,2,"PROD04",11,"ZONA02",519,0.289782244556114
"SOC02","SEG01","SUBSEG01",2,2,"PROD04",11,"ZONA03",375,0.209380234505863
"SOC02","SEG01","SUBSEG01",2,2,"PROD04",99,"ZONA01",0,0
"SOC02","SEG01","SUBSEG01",2,2,"PROD08",1,"PDTE",2,0.000399920015996801
"SOC02","SEG01","SUBSEG01",2,2,"PROD08",1,"ZONA01",4250,0.849830033993201
"SOC02","SEG01","SUBSEG01",2,2,"PROD08",1,"ZONA02",162,0.0323935212957408
"SOC02","SEG01","SUBSEG01",2,2,"PROD08",1,"ZONA03",587,0.117376524695061
"SOC02","SEG01","SUBSEG01",2,2,"PROD08",2,"PDTE",1,0.000128551227664224
"SOC02","SEG01","SUBSEG01",2,2,"PROD08",2,"ZONA01",3760,0.483352616017483
"SOC02","SEG01","SUBSEG01",2,2,"PROD08",2,"ZONA02",1268,0.163002956678236
"SOC02","SEG01","SUBSEG01",2,2,"PROD08",2,"ZONA03",2750,0.353515876076617
"SOC02","SEG01","SUBSEG01",2,2,"PROD08",3,"PDTE",6,0.000353502621811112
"SOC02","SEG01","SUBSEG01",2,2,"PROD08",3,"ZONA01",11373,0.670064219642962
"SOC02","SEG01","SUBSEG01",2,2,"PROD08",3,"ZONA02",1635,0.096329464443528
"SOC02","SEG01","SUBSEG01",2,2,"PROD08",3,"ZONA03",3959,0.233252813291699
"SOC02","SEG01","SUBSEG01",2,2,"PROD08",4,"ZONA01",87,0.467741935483871
"SOC02","SEG01","SUBSEG01",2,2,"PROD08",4,"ZONA02",7,0.0376344086021505
"SOC02","SEG01","SUBSEG01",2,2,"PROD08",4,"ZONA03",92,0.494623655913978
"SOC02","SEG01","SUBSEG01",2,2,"PROD08",5,"PDTE",1,4.93924725871777e-05
"SOC02","SEG01","SUBSEG01",2,2,"PROD08",5,"ZONA01",11350,0.560604563864467
"SOC02","SEG01","SUBSEG01",2,2,"PROD08",5,"ZONA02",3668,0.181171589449768
"SOC02","SEG01","SUBSEG01",2,2,"PROD08",5,"ZONA03",5227,0.258174454213178
"SOC02","SEG01","SUBSEG01",2,2,"PROD08",6,"PDTE",1,0.000185735512630015
"SOC02","SEG01","SUBSEG01",2,2,"PROD08",6,"ZONA01",3083,0.572622585438336
"SOC02","SEG01","SUBSEG01",2,2,"PROD08",6,"ZONA02",931,0.172919762258544
"SOC02","SEG01","SUBSEG01",2,2,"PROD08",6,"ZONA03",1369,0.25427191679049
"SOC02","SEG01","SUBSEG01",2,2,"PROD08",7,"PDTE",6,9.43529744775204e-05
"SOC02","SEG01","SUBSEG01",2,2,"PROD08",7,"ZONA01",38619,0.60730292022456
"SOC02","SEG01","SUBSEG01",2,2,"PROD08",7,"ZONA02",9073,0.142677422905757
"SOC02","SEG01","SUBSEG01",2,2,"PROD08",7,"ZONA03",15893,0.249925303895205
"SOC02","SEG01","SUBSEG01",2,2,"PROD08",8,"PDTE",0,0
"SOC02","SEG01","SUBSEG01",2,2,"PROD08",8,"ZONA01",144,0.493150684931507
"SOC02","SEG01","SUBSEG01",2,2,"PROD08",8,"ZONA02",144,0.493150684931507
"SOC02","SEG01","SUBSEG01",2,2,"PROD08",8,"ZONA03",4,0.0136986301369863
"SOC02","SEG01","SUBSEG01",2,2,"PROD08",9,"ZONA01",204,0.603550295857988
"SOC02","SEG01","SUBSEG01",2,2,"PROD08",9,"ZONA02",42,0.124260355029586
"SOC02","SEG01","SUBSEG01",2,2,"PROD08",9,"ZONA03",92,0.272189349112426
"SOC02","SEG01","SUBSEG01",2,2,"PROD08",11,"PDTE",1,0.000654450261780105
"SOC02","SEG01","SUBSEG01",2,2,"PROD08",11,"ZONA01",920,0.602094240837696
"SOC02","SEG01","SUBSEG01",2,2,"PROD08",11,"ZONA02",257,0.168193717277487
"SOC02","SEG01","SUBSEG01",2,2,"PROD08",11,"ZONA03",350,0.229057591623037
"SOC02","SEG01","SUBSEG01",2,2,"PROD09",1,"PDTE",0,0
"SOC02","SEG01","SUBSEG01",2,2,"PROD09",1,"ZONA01",115,0.421245421245421
"SOC02","SEG01","SUBSEG01",2,2,"PROD09",1,"ZONA02",87,0.318681318681319
"SOC02","SEG01","SUBSEG01",2,2,"PROD09",1,"ZONA03",71,0.26007326007326
"SOC02","SEG01","SUBSEG01",2,2,"PROD09",2,"PDTE",0,0
"SOC02","SEG01","SUBSEG01",2,2,"PROD09",2,"ZONA01",579,0.52068345323741
"SOC02","SEG01","SUBSEG01",2,2,"PROD09",2,"ZONA02",316,0.284172661870504
"SOC02","SEG01","SUBSEG01",2,2,"PROD09",2,"ZONA03",217,0.195143884892086
"SOC02","SEG01","SUBSEG01",2,2,"PROD09",3,"ZONA01",205,0.762081784386617
"SOC02","SEG01","SUBSEG01",2,2,"PROD09",3,"ZONA02",51,0.189591078066914
"SOC02","SEG01","SUBSEG01",2,2,"PROD09",3,"ZONA03",13,0.0483271375464684
"SOC02","SEG01","SUBSEG01",2,2,"PROD09",4,"ZONA01",27,0.204545454545455
"SOC02","SEG01","SUBSEG01",2,2,"PROD09",4,"ZONA02",52,0.393939393939394
"SOC02","SEG01","SUBSEG01",2,2,"PROD09",4,"ZONA03",53,0.401515151515151
"SOC02","SEG01","SUBSEG01",2,2,"PROD09",5,"PDTE",0,0
"SOC02","SEG01","SUBSEG01",2,2,"PROD09",5,"ZONA01",5062,0.359261887863733
"SOC02","SEG01","SUBSEG01",2,2,"PROD09",5,"ZONA02",6087,0.432008516678495
"SOC02","SEG01","SUBSEG01",2,2,"PROD09",5,"ZONA03",2941,0.208729595457771
"SOC02","SEG01","SUBSEG01",2,2,"PROD09",6,"PDTE",0,0
"SOC02","SEG01","SUBSEG01",2,2,"PROD09",6,"ZONA01",3502,0.430062630480167
"SOC02","SEG01","SUBSEG01",2,2,"PROD09",6,"ZONA02",3196,0.392484342379958
"SOC02","SEG01","SUBSEG01",2,2,"PROD09",6,"ZONA03",1445,0.177453027139875
"SOC02","SEG01","SUBSEG01",2,2,"PROD09",7,"PDTE",0,0
"SOC02","SEG01","SUBSEG01",2,2,"PROD09",7,"ZONA01",2305,0.482419422352449
"SOC02","SEG01","SUBSEG01",2,2,"PROD09",7,"ZONA02",1627,0.340519045625785
"SOC02","SEG01","SUBSEG01",2,2,"PROD09",7,"ZONA03",846,0.177061532021766
"SOC02","SEG01","SUBSEG01",2,2,"PROD09",8,"PDTE",0,0
"SOC02","SEG01","SUBSEG01",2,2,"PROD09",8,"ZONA01",17,0.5
"SOC02","SEG01","SUBSEG01",2,2,"PROD09",8,"ZONA02",15,0.441176470588235
"SOC02","SEG01","SUBSEG01",2,2,"PROD09",8,"ZONA03",2,0.0588235294117647
"SOC02","SEG01","SUBSEG01",2,2,"PROD09",9,"ZONA01",515,0.484022556390977
"SOC02","SEG01","SUBSEG01",2,2,"PROD09",9,"ZONA02",294,0.276315789473684
"SOC02","SEG01","SUBSEG01",2,2,"PROD09",9,"ZONA03",255,0.239661654135338
"SOC02","SEG01","SUBSEG01",2,2,"PROD09",11,"ZONA01",41,0.476744186046512
"SOC02","SEG01","SUBSEG01",2,2,"PROD09",11,"ZONA02",25,0.290697674418605
"SOC02","SEG01","SUBSEG01",2,2,"PROD09",11,"ZONA03",20,0.232558139534884
"SOC02","SEG01","SUBSEG01",2,2,"PROD09",99,"ZONA02",0,0
"SOC02","SEG01","SUBSEG01",2,2,"PROD10",1,"PDTE",0,0
"SOC02","SEG01","SUBSEG01",2,2,"PROD10",1,"ZONA01",199,0.568571428571429
"SOC02","SEG01","SUBSEG01",2,2,"PROD10",1,"ZONA02",102,0.291428571428571
"SOC02","SEG01","SUBSEG01",2,2,"PROD10",1,"ZONA03",49,0.14
"SOC02","SEG01","SUBSEG01",2,2,"PROD10",2,"PDTE",0,0
"SOC02","SEG01","SUBSEG01",2,2,"PROD10",2,"ZONA01",671,0.418590143480973
"SOC02","SEG01","SUBSEG01",2,2,"PROD10",2,"ZONA02",573,0.357454772301934
"SOC02","SEG01","SUBSEG01",2,2,"PROD10",2,"ZONA03",359,0.223955084217093
"SOC02","SEG01","SUBSEG01",2,2,"PROD10",3,"PDTE",1,2.76128675962999e-05
"SOC02","SEG01","SUBSEG01",2,2,"PROD10",3,"ZONA01",22058,0.609084633439183
"SOC02","SEG01","SUBSEG01",2,2,"PROD10",3,"ZONA02",8765,0.242026784481568
"SOC02","SEG01","SUBSEG01",2,2,"PROD10",3,"ZONA03",5391,0.148860969211653
"SOC02","SEG01","SUBSEG01",2,2,"PROD10",4,"ZONA01",120,0.731707317073171
"SOC02","SEG01","SUBSEG01",2,2,"PROD10",4,"ZONA02",6,0.0365853658536585
"SOC02","SEG01","SUBSEG01",2,2,"PROD10",4,"ZONA03",38,0.231707317073171
"SOC02","SEG01","SUBSEG01",2,2,"PROD10",5,"PDTE",1,3.82599380189004e-05
"SOC02","SEG01","SUBSEG01",2,2,"PROD10",5,"ZONA01",11974,0.458124497838313
"SOC02","SEG01","SUBSEG01",2,2,"PROD10",5,"ZONA02",8213,0.314228870949229
"SOC02","SEG01","SUBSEG01",2,2,"PROD10",5,"ZONA03",5949,0.227608371274439
"SOC02","SEG01","SUBSEG01",2,2,"PROD10",6,"PDTE",0,0
"SOC02","SEG01","SUBSEG01",2,2,"PROD10",6,"ZONA01",1768,0.449072898145796
"SOC02","SEG01","SUBSEG01",2,2,"PROD10",6,"ZONA02",1423,0.361442722885446
"SOC02","SEG01","SUBSEG01",2,2,"PROD10",6,"ZONA03",746,0.189484378968758
"SOC02","SEG01","SUBSEG01",2,2,"PROD10",7,"PDTE",1,0.000100725221595488
"SOC02","SEG01","SUBSEG01",2,2,"PROD10",7,"ZONA01",5279,0.531728444802579
"SOC02","SEG01","SUBSEG01",2,2,"PROD10",7,"ZONA02",2863,0.288376309427881
"SOC02","SEG01","SUBSEG01",2,2,"PROD10",7,"ZONA03",1785,0.179794520547945
"SOC02","SEG01","SUBSEG01",2,2,"PROD10",8,"PDTE",0,0
"SOC02","SEG01","SUBSEG01",2,2,"PROD10",8,"ZONA01",474,0.192839707078926
"SOC02","SEG01","SUBSEG01",2,2,"PROD10",8,"ZONA02",1953,0.794548413344182
"SOC02","SEG01","SUBSEG01",2,2,"PROD10",8,"ZONA03",31,0.0126118795768918
"SOC02","SEG01","SUBSEG01",2,2,"PROD10",9,"PDTE",0,0
"SOC02","SEG01","SUBSEG01",2,2,"PROD10",9,"ZONA01",261,0.55531914893617
"SOC02","SEG01","SUBSEG01",2,2,"PROD10",9,"ZONA02",98,0.208510638297872
"SOC02","SEG01","SUBSEG01",2,2,"PROD10",9,"ZONA03",111,0.236170212765957
"SOC02","SEG01","SUBSEG01",2,2,"PROD10",10,"ZONA01",1,1
"SOC02","SEG01","SUBSEG01",2,2,"PROD10",11,"ZONA01",229,0.47907949790795
"SOC02","SEG01","SUBSEG01",2,2,"PROD10",11,"ZONA02",165,0.345188284518828
"SOC02","SEG01","SUBSEG01",2,2,"PROD10",11,"ZONA03",84,0.175732217573222
"SOC02","SEG01","SUBSEG02",2,2,"PROD02",1,"ZONA01",1,1
"SOC02","SEG01","SUBSEG02",2,2,"PROD02",1,"ZONA02",0,0
"SOC02","SEG01","SUBSEG02",2,2,"PROD02",1,"ZONA03",0,0
"SOC02","SEG01","SUBSEG02",2,2,"PROD02",2,"ZONA01",0,0
"SOC02","SEG01","SUBSEG02",2,2,"PROD02",2,"ZONA02",0,0
"SOC02","SEG01","SUBSEG02",2,2,"PROD02",2,"ZONA03",0,0
"SOC02","SEG01","SUBSEG02",2,2,"PROD02",3,"ZONA01",0,0
"SOC02","SEG01","SUBSEG02",2,2,"PROD02",3,"ZONA02",0,0
"SOC02","SEG01","SUBSEG02",2,2,"PROD02",3,"ZONA03",1,1
"SOC02","SEG01","SUBSEG02",2,2,"PROD02",5,"ZONA01",0,0
"SOC02","SEG01","SUBSEG02",2,2,"PROD02",5,"ZONA02",0,0
"SOC02","SEG01","SUBSEG02",2,2,"PROD02",5,"ZONA03",0,0
"SOC02","SEG01","SUBSEG02",2,2,"PROD02",6,"ZONA01",0,0
"SOC02","SEG01","SUBSEG02",2,2,"PROD02",6,"ZONA03",0,0
"SOC02","SEG01","SUBSEG02",2,2,"PROD02",7,"ZONA01",0,0
"SOC02","SEG01","SUBSEG02",2,2,"PROD02",7,"ZONA03",0,0
"SOC02","SEG01","SUBSEG02",2,2,"PROD02",9,"ZONA01",0,0
"SOC02","SEG01","SUBSEG02",2,2,"PROD02",9,"ZONA03",0,0
"SOC02","SEG01","SUBSEG02",2,2,"PROD02",10,"ZONA01",0,0
"SOC02","SEG01","SUBSEG02",2,2,"PROD02",11,"ZONA01",0,0
"SOC02","SEG01","SUBSEG02",2,2,"PROD02",11,"ZONA02",0,0
"SOC02","SEG01","SUBSEG02",2,2,"PROD02",11,"ZONA03",0,0
"SOC02","SEG01","SUBSEG02",2,2,"PROD04",1,"PDTE",0,0
"SOC02","SEG01","SUBSEG02",2,2,"PROD04",1,"ZONA01",41,0.630769230769231
"SOC02","SEG01","SUBSEG02",2,2,"PROD04",1,"ZONA02",10,0.153846153846154
"SOC02","SEG01","SUBSEG02",2,2,"PROD04",1,"ZONA03",14,0.215384615384615
"SOC02","SEG01","SUBSEG02",2,2,"PROD04",2,"ZONA01",6,0.666666666666667
"SOC02","SEG01","SUBSEG02",2,2,"PROD04",2,"ZONA02",0,0
"SOC02","SEG01","SUBSEG02",2,2,"PROD04",2,"ZONA03",3,0.333333333333333
"SOC02","SEG01","SUBSEG02",2,2,"PROD04",3,"ZONA01",25,0.595238095238095
"SOC02","SEG01","SUBSEG02",2,2,"PROD04",3,"ZONA02",5,0.119047619047619
"SOC02","SEG01","SUBSEG02",2,2,"PROD04",3,"ZONA03",12,0.285714285714286
"SOC02","SEG01","SUBSEG02",2,2,"PROD04",4,"ZONA01",1,0.5
"SOC02","SEG01","SUBSEG02",2,2,"PROD04",4,"ZONA03",1,0.5
"SOC02","SEG01","SUBSEG02",2,2,"PROD04",5,"ZONA01",2,0.666666666666667
"SOC02","SEG01","SUBSEG02",2,2,"PROD04",5,"ZONA02",0,0
"SOC02","SEG01","SUBSEG02",2,2,"PROD04",5,"ZONA03",1,0.333333333333333
"SOC02","SEG01","SUBSEG02",2,2,"PROD04",6,"ZONA01",0,0
"SOC02","SEG01","SUBSEG02",2,2,"PROD04",6,"ZONA02",0,0
"SOC02","SEG01","SUBSEG02",2,2,"PROD04",6,"ZONA03",0,0
"SOC02","SEG01","SUBSEG02",2,2,"PROD04",7,"ZONA01",0,0
"SOC02","SEG01","SUBSEG02",2,2,"PROD04",7,"ZONA02",1,1
"SOC02","SEG01","SUBSEG02",2,2,"PROD04",7,"ZONA03",0,0
"SOC02","SEG01","SUBSEG02",2,2,"PROD04",9,"ZONA01",1,1
"SOC02","SEG01","SUBSEG02",2,2,"PROD04",9,"ZONA02",0,0
"SOC02","SEG01","SUBSEG02",2,2,"PROD04",9,"ZONA03",0,0
"SOC02","SEG01","SUBSEG02",2,2,"PROD04",10,"ZONA01",2,0.5
"SOC02","SEG01","SUBSEG02",2,2,"PROD04",10,"ZONA02",1,0.25
"SOC02","SEG01","SUBSEG02",2,2,"PROD04",10,"ZONA03",1,0.25
"SOC02","SEG01","SUBSEG02",2,2,"PROD04",11,"ZONA01",0,0
"SOC02","SEG01","SUBSEG02",2,2,"PROD04",11,"ZONA02",0,0
"SOC02","SEG01","SUBSEG02",2,2,"PROD04",11,"ZONA03",0,0
"SOC02","SEG02","LP01",1,1,"PROD02",1,"PDTE",0,0
"SOC02","SEG02","LP01",1,1,"PROD02",1,"ZONA01",407,0.503090234857849
"SOC02","SEG02","LP01",1,1,"PROD02",1,"ZONA02",220,0.271940667490729
"SOC02","SEG02","LP01",1,1,"PROD02",1,"ZONA03",182,0.224969097651422
"SOC02","SEG02","LP01",1,1,"PROD02",2,"PDTE",0,0
"SOC02","SEG02","LP01",1,1,"PROD02",2,"ZONA01",115,0.286783042394015
"SOC02","SEG02","LP01",1,1,"PROD02",2,"ZONA02",129,0.321695760598504
"SOC02","SEG02","LP01",1,1,"PROD02",2,"ZONA03",157,0.391521197007481
"SOC02","SEG02","LP01",1,1,"PROD02",3,"ZONA01",157,0.415343915343915
"SOC02","SEG02","LP01",1,1,"PROD02",3,"ZONA02",97,0.256613756613757
"SOC02","SEG02","LP01",1,1,"PROD02",3,"ZONA03",124,0.328042328042328
"SOC02","SEG02","LP01",1,1,"PROD02",4,"ZONA01",20,0.434782608695652
"SOC02","SEG02","LP01",1,1,"PROD02",4,"ZONA02",6,0.130434782608696
"SOC02","SEG02","LP01",1,1,"PROD02",4,"ZONA03",20,0.434782608695652
"SOC02","SEG02","LP01",1,1,"PROD02",5,"ZONA01",34,0.361702127659574
"SOC02","SEG02","LP01",1,1,"PROD02",5,"ZONA02",40,0.425531914893617
"SOC02","SEG02","LP01",1,1,"PROD02",5,"ZONA03",20,0.212765957446809
"SOC02","SEG02","LP01",1,1,"PROD02",6,"ZONA01",108,0.36734693877551
"SOC02","SEG02","LP01",1,1,"PROD02",6,"ZONA02",95,0.32312925170068
"SOC02","SEG02","LP01",1,1,"PROD02",6,"ZONA03",91,0.30952380952381
"SOC02","SEG02","LP01",1,1,"PROD02",7,"ZONA01",45,0.542168674698795
"SOC02","SEG02","LP01",1,1,"PROD02",7,"ZONA02",18,0.216867469879518
"SOC02","SEG02","LP01",1,1,"PROD02",7,"ZONA03",20,0.240963855421687
"SOC02","SEG02","LP01",1,1,"PROD02",8,"ZONA02",0,0
"SOC02","SEG02","LP01",1,1,"PROD02",9,"PDTE",0,0
"SOC02","SEG02","LP01",1,1,"PROD02",9,"ZONA01",53,0.477477477477477
"SOC02","SEG02","LP01",1,1,"PROD02",9,"ZONA02",8,0.0720720720720721
"SOC02","SEG02","LP01",1,1,"PROD02",9,"ZONA03",50,0.45045045045045
"SOC02","SEG02","LP01",1,1,"PROD02",10,"ZONA01",14,0.120689655172414
"SOC02","SEG02","LP01",1,1,"PROD02",10,"ZONA02",37,0.318965517241379
"SOC02","SEG02","LP01",1,1,"PROD02",10,"ZONA03",65,0.560344827586207
"SOC02","SEG02","LP01",1,1,"PROD02",11,"ZONA01",12,0.428571428571429
"SOC02","SEG02","LP01",1,1,"PROD02",11,"ZONA02",3,0.107142857142857
"SOC02","SEG02","LP01",1,1,"PROD02",11,"ZONA03",13,0.464285714285714
"SOC02","SEG02","LP01",1,1,"PROD02",99,"ZONA01",0,0
"SOC02","SEG02","LP01",1,1,"PROD02",99,"ZONA02",0,0
"SOC02","SEG02","LP01",1,1,"PROD03",1,"PDTE",0,0
"SOC02","SEG02","LP01",1,1,"PROD03",1,"ZONA01",0,0
"SOC02","SEG02","LP01",1,1,"PROD03",1,"ZONA02",0,0
"SOC02","SEG02","LP01",1,1,"PROD03",1,"ZONA03",0,0
"SOC02","SEG02","LP01",1,1,"PROD03",2,"ZONA01",0,0
"SOC02","SEG02","LP01",1,1,"PROD03",2,"ZONA02",0,0
"SOC02","SEG02","LP01",1,1,"PROD03",2,"ZONA03",0,0
"SOC02","SEG02","LP01",1,1,"PROD03",5,"ZONA01",0,0
"SOC02","SEG02","LP01",1,1,"PROD03",5,"ZONA02",0,0
"SOC02","SEG02","LP01",1,1,"PROD03",5,"ZONA03",0,0
"SOC02","SEG02","LP01",1,1,"PROD03",6,"ZONA01",0,0
"SOC02","SEG02","LP01",1,1,"PROD03",6,"ZONA02",0,0
"SOC02","SEG02","LP01",1,1,"PROD03",6,"ZONA03",0,0
"SOC02","SEG02","LP01",1,1,"PROD03",8,"ZONA01",0,0
"SOC02","SEG02","LP01",1,1,"PROD03",8,"ZONA02",0,0
"SOC02","SEG02","LP01",1,1,"PROD03",9,"ZONA01",0,0
"SOC02","SEG02","LP01",1,1,"PROD03",9,"ZONA02",0,0
"SOC02","SEG02","LP01",1,1,"PROD03",9,"ZONA03",0,0
"SOC02","SEG02","LP01",1,1,"PROD03",11,"ZONA01",0,0
"SOC02","SEG02","LP01",1,1,"PROD03",11,"ZONA02",0,0
"SOC02","SEG02","LP01",1,1,"PROD03",11,"ZONA03",0,0
"SOC02","SEG02","LP01",1,1,"PROD04",1,"PDTE",1,0.000999000999000999
"SOC02","SEG02","LP01",1,1,"PROD04",1,"ZONA01",511,0.510489510489511
"SOC02","SEG02","LP01",1,1,"PROD04",1,"ZONA02",156,0.155844155844156
"SOC02","SEG02","LP01",1,1,"PROD04",1,"ZONA03",333,0.332667332667333
"SOC02","SEG02","LP01",1,1,"PROD04",2,"ZONA01",39,0.185714285714286
"SOC02","SEG02","LP01",1,1,"PROD04",2,"ZONA02",48,0.228571428571429
"SOC02","SEG02","LP01",1,1,"PROD04",2,"ZONA03",123,0.585714285714286
"SOC02","SEG02","LP01",1,1,"PROD04",3,"ZONA01",98,0.284057971014493
"SOC02","SEG02","LP01",1,1,"PROD04",3,"ZONA02",58,0.168115942028985
"SOC02","SEG02","LP01",1,1,"PROD04",3,"ZONA03",189,0.547826086956522
"SOC02","SEG02","LP01",1,1,"PROD04",4,"ZONA01",6,0.193548387096774
"SOC02","SEG02","LP01",1,1,"PROD04",4,"ZONA02",7,0.225806451612903
"SOC02","SEG02","LP01",1,1,"PROD04",4,"ZONA03",18,0.580645161290323
"SOC02","SEG02","LP01",1,1,"PROD04",5,"ZONA01",25,0.555555555555556
"SOC02","SEG02","LP01",1,1,"PROD04",5,"ZONA02",16,0.355555555555556
"SOC02","SEG02","LP01",1,1,"PROD04",5,"ZONA03",4,0.0888888888888889
"SOC02","SEG02","LP01",1,1,"PROD04",6,"ZONA01",28,0.388888888888889
"SOC02","SEG02","LP01",1,1,"PROD04",6,"ZONA02",32,0.444444444444444
"SOC02","SEG02","LP01",1,1,"PROD04",6,"ZONA03",12,0.166666666666667
"SOC02","SEG02","LP01",1,1,"PROD04",7,"ZONA01",8,0.470588235294118
"SOC02","SEG02","LP01",1,1,"PROD04",7,"ZONA02",4,0.235294117647059
"SOC02","SEG02","LP01",1,1,"PROD04",7,"ZONA03",5,0.294117647058824
"SOC02","SEG02","LP01",1,1,"PROD04",8,"ZONA01",1,0.5
"SOC02","SEG02","LP01",1,1,"PROD04",8,"ZONA02",1,0.5
"SOC02","SEG02","LP01",1,1,"PROD04",9,"ZONA01",2,0.5
"SOC02","SEG02","LP01",1,1,"PROD04",9,"ZONA02",2,0.5
"SOC02","SEG02","LP01",1,1,"PROD04",9,"ZONA03",0,0
"SOC02","SEG02","LP01",1,1,"PROD04",10,"ZONA01",23,0.258426966292135
"SOC02","SEG02","LP01",1,1,"PROD04",10,"ZONA02",13,0.146067415730337
"SOC02","SEG02","LP01",1,1,"PROD04",10,"ZONA03",53,0.595505617977528
"SOC02","SEG02","LP01",1,1,"PROD04",11,"ZONA01",4,0.363636363636364
"SOC02","SEG02","LP01",1,1,"PROD04",11,"ZONA02",2,0.181818181818182
"SOC02","SEG02","LP01",1,1,"PROD04",11,"ZONA03",5,0.454545454545455
"SOC02","SEG02","LP01",1,1,"PROD08",5,"ZONA01",0,0
"SOC02","SEG02","LP01",1,1,"PROD09",1,"ZONA01",0,0
"SOC02","SEG02","LP01",1,1,"PROD09",1,"ZONA02",0,0
"SOC02","SEG02","LP01",1,1,"PROD09",1,"ZONA03",1,1
"SOC02","SEG02","LP01",1,1,"PROD09",2,"ZONA02",0,0
"SOC02","SEG02","LP01",1,1,"PROD09",2,"ZONA03",0,0
"SOC02","SEG02","LP01",1,1,"PROD09",5,"ZONA01",0,0
"SOC02","SEG02","LP01",1,1,"PROD09",5,"ZONA02",0,0
"SOC02","SEG02","LP01",1,1,"PROD09",7,"ZONA02",0,0
"SOC02","SEG02","LP01",1,1,"PROD09",9,"ZONA01",0,0
"SOC02","SEG02","LP01",1,1,"PROD09",11,"ZONA01",0,0
"SOC02","SEG02","LP01",1,1,"PROD10",1,"ZONA01",0,0
"SOC02","SEG02","LP01",1,1,"PROD10",1,"ZONA02",0,0
"SOC02","SEG02","LP01",1,1,"PROD10",2,"ZONA01",0,0
"SOC02","SEG02","LP01",1,1,"PROD10",2,"ZONA02",0,0
"SOC02","SEG02","LP01",1,1,"PROD10",2,"ZONA03",0,0
"SOC02","SEG02","LP01",1,1,"PROD10",5,"ZONA01",0,0
"SOC02","SEG02","LP01",1,1,"PROD10",5,"ZONA02",0,0
"SOC02","SEG02","LP01",1,1,"PROD10",6,"ZONA01",0,0
"SOC02","SEG02","LP01",1,1,"PROD10",6,"ZONA02",0,0
"SOC02","SEG02","LP01",1,1,"PROD10",7,"ZONA01",0,0
"SOC02","SEG02","LP01",1,1,"PROD10",9,"ZONA02",0,0
"SOC02","SEG02","LP01",1,1,"PROD10",9,"ZONA03",0,0
"SOC02","SEG02","LP03",3,3,"PROD07",1,"ZONA01",57,0.647727272727273
"SOC02","SEG02","LP03",3,3,"PROD07",1,"ZONA02",15,0.170454545454545
"SOC02","SEG02","LP03",3,3,"PROD07",1,"ZONA03",16,0.181818181818182
"SOC02","SEG02","LP03",3,3,"PROD07",2,"ZONA01",48,0.324324324324324
"SOC02","SEG02","LP03",3,3,"PROD07",2,"ZONA02",64,0.432432432432432
"SOC02","SEG02","LP03",3,3,"PROD07",2,"ZONA03",36,0.243243243243243
"SOC02","SEG02","LP03",3,3,"PROD07",3,"ZONA01",45,0.494505494505495
"SOC02","SEG02","LP03",3,3,"PROD07",3,"ZONA02",32,0.351648351648352
"SOC02","SEG02","LP03",3,3,"PROD07",3,"ZONA03",14,0.153846153846154
"SOC02","SEG02","LP03",3,3,"PROD07",4,"ZONA01",8,0.296296296296296
"SOC02","SEG02","LP03",3,3,"PROD07",4,"ZONA02",12,0.444444444444444
"SOC02","SEG02","LP03",3,3,"PROD07",4,"ZONA03",7,0.259259259259259
"SOC02","SEG02","LP03",3,3,"PROD07",5,"ZONA01",123,0.39297124600639
"SOC02","SEG02","LP03",3,3,"PROD07",5,"ZONA02",118,0.376996805111821
"SOC02","SEG02","LP03",3,3,"PROD07",5,"ZONA03",72,0.230031948881789
"SOC02","SEG02","LP03",3,3,"PROD07",6,"ZONA01",197,0.438752783964365
"SOC02","SEG02","LP03",3,3,"PROD07",6,"ZONA02",162,0.360801781737194
"SOC02","SEG02","LP03",3,3,"PROD07",6,"ZONA03",90,0.200445434298441
"SOC02","SEG02","LP03",3,3,"PROD07",7,"ZONA01",38,0.441860465116279
"SOC02","SEG02","LP03",3,3,"PROD07",7,"ZONA02",39,0.453488372093023
"SOC02","SEG02","LP03",3,3,"PROD07",7,"ZONA03",9,0.104651162790698
"SOC02","SEG02","LP03",3,3,"PROD07",8,"ZONA01",2,0.25
"SOC02","SEG02","LP03",3,3,"PROD07",8,"ZONA02",6,0.75
"SOC02","SEG02","LP03",3,3,"PROD07",9,"ZONA01",1,0.25
"SOC02","SEG02","LP03",3,3,"PROD07",9,"ZONA02",3,0.75
"SOC02","SEG02","LP03",3,3,"PROD07",9,"ZONA03",0,0
"SOC02","SEG02","LP03",3,3,"PROD07",10,"ZONA01",1,0.5
"SOC02","SEG02","LP03",3,3,"PROD07",10,"ZONA02",1,0.5
"SOC02","SEG02","LP03",3,3,"PROD07",11,"ZONA01",9,0.375
"SOC02","SEG02","LP03",3,3,"PROD07",11,"ZONA02",9,0.375
"SOC02","SEG02","LP03",3,3,"PROD07",11,"ZONA03",6,0.25
"SOC02","SEG02","LP03",3,4,"PROD07",1,"ZONA01",225,0.528169014084507
"SOC02","SEG02","LP03",3,4,"PROD07",1,"ZONA02",42,0.0985915492957746
"SOC02","SEG02","LP03",3,4,"PROD07",1,"ZONA03",159,0.373239436619718
"SOC02","SEG02","LP03",3,4,"PROD07",2,"ZONA01",169,0.541666666666667
"SOC02","SEG02","LP03",3,4,"PROD07",2,"ZONA02",25,0.0801282051282051
"SOC02","SEG02","LP03",3,4,"PROD07",2,"ZONA03",118,0.378205128205128
"SOC02","SEG02","LP03",3,4,"PROD07",3,"ZONA01",381,0.706864564007421
"SOC02","SEG02","LP03",3,4,"PROD07",3,"ZONA02",97,0.179962894248609
"SOC02","SEG02","LP03",3,4,"PROD07",3,"ZONA03",61,0.11317254174397
"SOC02","SEG02","LP03",3,4,"PROD07",4,"ZONA01",25,0.609756097560976
"SOC02","SEG02","LP03",3,4,"PROD07",4,"ZONA02",13,0.317073170731707
"SOC02","SEG02","LP03",3,4,"PROD07",4,"ZONA03",3,0.0731707317073171
"SOC02","SEG02","LP03",3,4,"PROD07",5,"PDTE",0,0
"SOC02","SEG02","LP03",3,4,"PROD07",5,"ZONA01",1948,0.492541087231353
"SOC02","SEG02","LP03",3,4,"PROD07",5,"ZONA02",1073,0.271302149178255
"SOC02","SEG02","LP03",3,4,"PROD07",5,"ZONA03",934,0.236156763590392
"SOC02","SEG02","LP03",3,4,"PROD07",6,"PDTE",1,0.00137931034482759
"SOC02","SEG02","LP03",3,4,"PROD07",6,"ZONA01",394,0.543448275862069
"SOC02","SEG02","LP03",3,4,"PROD07",6,"ZONA02",135,0.186206896551724
"SOC02","SEG02","LP03",3,4,"PROD07",6,"ZONA03",195,0.268965517241379
"SOC02","SEG02","LP03",3,4,"PROD07",7,"ZONA01",54,0.529411764705882
"SOC02","SEG02","LP03",3,4,"PROD07",7,"ZONA02",29,0.284313725490196
"SOC02","SEG02","LP03",3,4,"PROD07",7,"ZONA03",19,0.186274509803922
"SOC02","SEG02","LP03",3,4,"PROD07",8,"ZONA01",1,0.333333333333333
"SOC02","SEG02","LP03",3,4,"PROD07",8,"ZONA02",2,0.666666666666667
"SOC02","SEG02","LP03",3,4,"PROD07",8,"ZONA03",0,0
"SOC02","SEG02","LP03",3,4,"PROD07",9,"ZONA01",1,0.5
"SOC02","SEG02","LP03",3,4,"PROD07",9,"ZONA02",1,0.5
"SOC02","SEG02","LP03",3,4,"PROD07",9,"ZONA03",0,0
"SOC02","SEG02","LP03",3,4,"PROD07",10,"ZONA01",2,1
"SOC02","SEG02","LP03",3,4,"PROD07",11,"ZONA01",1,0.2
"SOC02","SEG02","LP03",3,4,"PROD07",11,"ZONA02",3,0.6
"SOC02","SEG02","LP03",3,4,"PROD07",11,"ZONA03",1,0.2
"SOC02","SEG02","SUBSEG01",2,2,"PROD02",1,"PDTE",0,0
"SOC02","SEG02","SUBSEG01",2,2,"PROD02",1,"ZONA01",1230,0.344055944055944
"SOC02","SEG02","SUBSEG01",2,2,"PROD02",1,"ZONA02",1706,0.477202797202797
"SOC02","SEG02","SUBSEG01",2,2,"PROD02",1,"ZONA03",639,0.178741258741259
"SOC02","SEG02","SUBSEG01",2,2,"PROD02",2,"ZONA01",228,0.305220883534137
"SOC02","SEG02","SUBSEG01",2,2,"PROD02",2,"ZONA02",205,0.274431057563588
"SOC02","SEG02","SUBSEG01",2,2,"PROD02",2,"ZONA03",314,0.420348058902276
"SOC02","SEG02","SUBSEG01",2,2,"PROD02",3,"ZONA01",233,0.458661417322835
"SOC02","SEG02","SUBSEG01",2,2,"PROD02",3,"ZONA02",152,0.299212598425197
"SOC02","SEG02","SUBSEG01",2,2,"PROD02",3,"ZONA03",123,0.242125984251968
"SOC02","SEG02","SUBSEG01",2,2,"PROD02",4,"ZONA01",25,0.242718446601942
"SOC02","SEG02","SUBSEG01",2,2,"PROD02",4,"ZONA02",19,0.184466019417476
"SOC02","SEG02","SUBSEG01",2,2,"PROD02",4,"ZONA03",59,0.572815533980582
"SOC02","SEG02","SUBSEG01",2,2,"PROD02",5,"ZONA01",13,0.433333333333333
"SOC02","SEG02","SUBSEG01",2,2,"PROD02",5,"ZONA02",6,0.2
"SOC02","SEG02","SUBSEG01",2,2,"PROD02",5,"ZONA03",11,0.366666666666667
"SOC02","SEG02","SUBSEG01",2,2,"PROD02",6,"ZONA01",44,0.444444444444444
"SOC02","SEG02","SUBSEG01",2,2,"PROD02",6,"ZONA02",28,0.282828282828283
"SOC02","SEG02","SUBSEG01",2,2,"PROD02",6,"ZONA03",27,0.272727272727273
"SOC02","SEG02","SUBSEG01",2,2,"PROD02",7,"ZONA01",91,0.464285714285714
"SOC02","SEG02","SUBSEG01",2,2,"PROD02",7,"ZONA02",60,0.306122448979592
"SOC02","SEG02","SUBSEG01",2,2,"PROD02",7,"ZONA03",45,0.229591836734694
"SOC02","SEG02","SUBSEG01",2,2,"PROD02",8,"ZONA01",1,1
"SOC02","SEG02","SUBSEG01",2,2,"PROD02",8,"ZONA02",0,0
"SOC02","SEG02","SUBSEG01",2,2,"PROD02",9,"ZONA01",5,0.357142857142857
"SOC02","SEG02","SUBSEG01",2,2,"PROD02",9,"ZONA02",5,0.357142857142857
"SOC02","SEG02","SUBSEG01",2,2,"PROD02",9,"ZONA03",4,0.285714285714286
"SOC02","SEG02","SUBSEG01",2,2,"PROD02",10,"ZONA01",5,0.384615384615385
"SOC02","SEG02","SUBSEG01",2,2,"PROD02",10,"ZONA02",4,0.307692307692308
"SOC02","SEG02","SUBSEG01",2,2,"PROD02",10,"ZONA03",4,0.307692307692308
"SOC02","SEG02","SUBSEG01",2,2,"PROD02",11,"ZONA01",1,0.5
"SOC02","SEG02","SUBSEG01",2,2,"PROD02",11,"ZONA02",0,0
"SOC02","SEG02","SUBSEG01",2,2,"PROD02",11,"ZONA03",1,0.5
"SOC02","SEG02","SUBSEG01",2,2,"PROD04",1,"PDTE",1,8.88572951839346e-05
"SOC02","SEG02","SUBSEG01",2,2,"PROD04",1,"ZONA01",5324,0.473076239559268
"SOC02","SEG02","SUBSEG01",2,2,"PROD04",1,"ZONA02",3328,0.295717078372134
"SOC02","SEG02","SUBSEG01",2,2,"PROD04",1,"ZONA03",2601,0.231117824773414
"SOC02","SEG02","SUBSEG01",2,2,"PROD04",2,"ZONA01",755,0.398206751054852
"SOC02","SEG02","SUBSEG01",2,2,"PROD04",2,"ZONA02",422,0.222573839662447
"SOC02","SEG02","SUBSEG01",2,2,"PROD04",2,"ZONA03",719,0.3792194092827
"SOC02","SEG02","SUBSEG01",2,2,"PROD04",3,"ZONA01",2641,0.498489996224991
"SOC02","SEG02","SUBSEG01",2,2,"PROD04",3,"ZONA02",1559,0.294261985654964
"SOC02","SEG02","SUBSEG01",2,2,"PROD04",3,"ZONA03",1098,0.207248018120045
"SOC02","SEG02","SUBSEG01",2,2,"PROD04",4,"ZONA01",130,0.634146341463415
"SOC02","SEG02","SUBSEG01",2,2,"PROD04",4,"ZONA02",45,0.219512195121951
"SOC02","SEG02","SUBSEG01",2,2,"PROD04",4,"ZONA03",30,0.146341463414634
"SOC02","SEG02","SUBSEG01",2,2,"PROD04",5,"PDTE",0,0
"SOC02","SEG02","SUBSEG01",2,2,"PROD04",5,"ZONA01",1009,0.449843958983504
"SOC02","SEG02","SUBSEG01",2,2,"PROD04",5,"ZONA02",659,0.29380294248774
"SOC02","SEG02","SUBSEG01",2,2,"PROD04",5,"ZONA03",575,0.256353098528756
"SOC02","SEG02","SUBSEG01",2,2,"PROD04",6,"ZONA01",536,0.51988360814743
"SOC02","SEG02","SUBSEG01",2,2,"PROD04",6,"ZONA02",235,0.227934044616877
"SOC02","SEG02","SUBSEG01",2,2,"PROD04",6,"ZONA03",260,0.252182347235693
"SOC02","SEG02","SUBSEG01",2,2,"PROD04",7,"ZONA01",459,0.531865585168019
"SOC02","SEG02","SUBSEG01",2,2,"PROD04",7,"ZONA02",214,0.247972190034762
"SOC02","SEG02","SUBSEG01",2,2,"PROD04",7,"ZONA03",190,0.220162224797219
"SOC02","SEG02","SUBSEG01",2,2,"PROD04",8,"ZONA01",13,0.30952380952381
"SOC02","SEG02","SUBSEG01",2,2,"PROD04",8,"ZONA02",29,0.69047619047619
"SOC02","SEG02","SUBSEG01",2,2,"PROD04",8,"ZONA03",0,0
"SOC02","SEG02","SUBSEG01",2,2,"PROD04",9,"PDTE",0,0
"SOC02","SEG02","SUBSEG01",2,2,"PROD04",9,"ZONA01",43,0.511904761904762
"SOC02","SEG02","SUBSEG01",2,2,"PROD04",9,"ZONA02",18,0.214285714285714
"SOC02","SEG02","SUBSEG01",2,2,"PROD04",9,"ZONA03",23,0.273809523809524
"SOC02","SEG02","SUBSEG01",2,2,"PROD04",10,"ZONA01",82,0.448087431693989
"SOC02","SEG02","SUBSEG01",2,2,"PROD04",10,"ZONA02",36,0.19672131147541
"SOC02","SEG02","SUBSEG01",2,2,"PROD04",10,"ZONA03",65,0.355191256830601
"SOC02","SEG02","SUBSEG01",2,2,"PROD04",11,"ZONA01",27,0.509433962264151
"SOC02","SEG02","SUBSEG01",2,2,"PROD04",11,"ZONA02",18,0.339622641509434
"SOC02","SEG02","SUBSEG01",2,2,"PROD04",11,"ZONA03",8,0.150943396226415
"SOC02","SEG02","SUBSEG01",2,2,"PROD08",1,"ZONA01",70,0.777777777777778
"SOC02","SEG02","SUBSEG01",2,2,"PROD08",1,"ZONA02",4,0.0444444444444444
"SOC02","SEG02","SUBSEG01",2,2,"PROD08",1,"ZONA03",16,0.177777777777778
"SOC02","SEG02","SUBSEG01",2,2,"PROD08",2,"ZONA01",60,0.681818181818182
"SOC02","SEG02","SUBSEG01",2,2,"PROD08",2,"ZONA02",13,0.147727272727273
"SOC02","SEG02","SUBSEG01",2,2,"PROD08",2,"ZONA03",15,0.170454545454545
"SOC02","SEG02","SUBSEG01",2,2,"PROD08",3,"ZONA01",129,0.575892857142857
"SOC02","SEG02","SUBSEG01",2,2,"PROD08",3,"ZONA02",28,0.125
"SOC02","SEG02","SUBSEG01",2,2,"PROD08",3,"ZONA03",67,0.299107142857143
"SOC02","SEG02","SUBSEG01",2,2,"PROD08",4,"ZONA03",1,1
"SOC02","SEG02","SUBSEG01",2,2,"PROD08",5,"ZONA01",49,0.462264150943396
"SOC02","SEG02","SUBSEG01",2,2,"PROD08",5,"ZONA02",29,0.273584905660377
"SOC02","SEG02","SUBSEG01",2,2,"PROD08",5,"ZONA03",28,0.264150943396226
"SOC02","SEG02","SUBSEG01",2,2,"PROD08",6,"ZONA01",10,0.434782608695652
"SOC02","SEG02","SUBSEG01",2,2,"PROD08",6,"ZONA02",7,0.304347826086957
"SOC02","SEG02","SUBSEG01",2,2,"PROD08",6,"ZONA03",6,0.260869565217391
"SOC02","SEG02","SUBSEG01",2,2,"PROD08",7,"ZONA01",129,0.496153846153846
"SOC02","SEG02","SUBSEG01",2,2,"PROD08",7,"ZONA02",53,0.203846153846154
"SOC02","SEG02","SUBSEG01",2,2,"PROD08",7,"ZONA03",78,0.3
"SOC02","SEG02","SUBSEG01",2,2,"PROD08",8,"ZONA01",3,1
"SOC02","SEG02","SUBSEG01",2,2,"PROD08",9,"ZONA01",0,0
"SOC02","SEG02","SUBSEG01",2,2,"PROD08",9,"ZONA02",0,0
"SOC02","SEG02","SUBSEG01",2,2,"PROD08",9,"ZONA03",0,0
"SOC02","SEG02","SUBSEG01",2,2,"PROD08",11,"ZONA01",3,0.230769230769231
"SOC02","SEG02","SUBSEG01",2,2,"PROD08",11,"ZONA02",6,0.461538461538462
"SOC02","SEG02","SUBSEG01",2,2,"PROD08",11,"ZONA03",4,0.307692307692308
"SOC02","SEG02","SUBSEG01",2,2,"PROD09",1,"ZONA01",0,0
"SOC02","SEG02","SUBSEG01",2,2,"PROD09",1,"ZONA02",0,0
"SOC02","SEG02","SUBSEG01",2,2,"PROD09",1,"ZONA03",0,0
"SOC02","SEG02","SUBSEG01",2,2,"PROD09",2,"ZONA01",0,0
"SOC02","SEG02","SUBSEG01",2,2,"PROD09",2,"ZONA02",1,1
"SOC02","SEG02","SUBSEG01",2,2,"PROD09",2,"ZONA03",0,0
"SOC02","SEG02","SUBSEG01",2,2,"PROD09",5,"ZONA01",0,0
"SOC02","SEG02","SUBSEG01",2,2,"PROD09",5,"ZONA02",0,0
"SOC02","SEG02","SUBSEG01",2,2,"PROD09",5,"ZONA03",0,0
"SOC02","SEG02","SUBSEG01",2,2,"PROD09",6,"ZONA01",0,0
"SOC02","SEG02","SUBSEG01",2,2,"PROD09",6,"ZONA02",2,1
"SOC02","SEG02","SUBSEG01",2,2,"PROD09",6,"ZONA03",0,0
"SOC02","SEG02","SUBSEG01",2,2,"PROD09",7,"ZONA01",2,1
"SOC02","SEG02","SUBSEG01",2,2,"PROD09",7,"ZONA02",0,0
"SOC02","SEG02","SUBSEG01",2,2,"PROD09",7,"ZONA03",0,0
"SOC02","SEG02","SUBSEG01",2,2,"PROD09",9,"ZONA01",0,0
"SOC02","SEG02","SUBSEG01",2,2,"PROD09",9,"ZONA02",0,0
"SOC02","SEG02","SUBSEG01",2,2,"PROD09",9,"ZONA03",0,0
"SOC02","SEG02","SUBSEG01",2,2,"PROD09",11,"ZONA01",0,0
"SOC02","SEG02","SUBSEG01",2,2,"PROD09",11,"ZONA03",0,0
"SOC02","SEG02","SUBSEG01",2,2,"PROD10",1,"ZONA01",0,0
"SOC02","SEG02","SUBSEG01",2,2,"PROD10",1,"ZONA02",0,0
"SOC02","SEG02","SUBSEG01",2,2,"PROD10",1,"ZONA03",0,0
"SOC02","SEG02","SUBSEG01",2,2,"PROD10",2,"ZONA01",9,0.5625
"SOC02","SEG02","SUBSEG01",2,2,"PROD10",2,"ZONA02",5,0.3125
"SOC02","SEG02","SUBSEG01",2,2,"PROD10",2,"ZONA03",2,0.125
"SOC02","SEG02","SUBSEG01",2,2,"PROD10",3,"ZONA01",175,0.618374558303887
"SOC02","SEG02","SUBSEG01",2,2,"PROD10",3,"ZONA02",77,0.27208480565371
"SOC02","SEG02","SUBSEG01",2,2,"PROD10",3,"ZONA03",31,0.109540636042403
"SOC02","SEG02","SUBSEG01",2,2,"PROD10",4,"ZONA01",4,0.666666666666667
"SOC02","SEG02","SUBSEG01",2,2,"PROD10",4,"ZONA02",1,0.166666666666667
"SOC02","SEG02","SUBSEG01",2,2,"PROD10",4,"ZONA03",1,0.166666666666667
"SOC02","SEG02","SUBSEG01",2,2,"PROD10",5,"ZONA01",104,0.466367713004484
"SOC02","SEG02","SUBSEG01",2,2,"PROD10",5,"ZONA02",73,0.327354260089686
"SOC02","SEG02","SUBSEG01",2,2,"PROD10",5,"ZONA03",46,0.20627802690583
"SOC02","SEG02","SUBSEG01",2,2,"PROD10",6,"ZONA01",20,0.588235294117647
"SOC02","SEG02","SUBSEG01",2,2,"PROD10",6,"ZONA02",11,0.323529411764706
"SOC02","SEG02","SUBSEG01",2,2,"PROD10",6,"ZONA03",3,0.0882352941176471
"SOC02","SEG02","SUBSEG01",2,2,"PROD10",7,"ZONA01",55,0.572916666666667
"SOC02","SEG02","SUBSEG01",2,2,"PROD10",7,"ZONA02",29,0.302083333333333
"SOC02","SEG02","SUBSEG01",2,2,"PROD10",7,"ZONA03",12,0.125
"SOC02","SEG02","SUBSEG01",2,2,"PROD10",8,"ZONA01",3,0.375
"SOC02","SEG02","SUBSEG01",2,2,"PROD10",8,"ZONA02",4,0.5
"SOC02","SEG02","SUBSEG01",2,2,"PROD10",8,"ZONA03",1,0.125
"SOC02","SEG02","SUBSEG01",2,2,"PROD10",9,"ZONA01",1,0.333333333333333
"SOC02","SEG02","SUBSEG01",2,2,"PROD10",9,"ZONA02",2,0.666666666666667
"SOC02","SEG02","SUBSEG01",2,2,"PROD10",9,"ZONA03",0,0
"SOC02","SEG02","SUBSEG01",2,2,"PROD10",11,"ZONA01",2,0.4
"SOC02","SEG02","SUBSEG01",2,2,"PROD10",11,"ZONA02",1,0.2
"SOC02","SEG02","SUBSEG01",2,2,"PROD10",11,"ZONA03",2,0.4
"SOC02","SEG02","SUBSEG02",2,2,"PROD02",1,"PDTE",1,0.000226090888537192
"SOC02","SEG02","SUBSEG02",2,2,"PROD02",1,"ZONA01",2048,0.463034139724169
"SOC02","SEG02","SUBSEG02",2,2,"PROD02",1,"ZONA02",1462,0.330544879041375
"SOC02","SEG02","SUBSEG02",2,2,"PROD02",1,"ZONA03",912,0.206194890345919
"SOC02","SEG02","SUBSEG02",2,2,"PROD02",2,"ZONA01",314,0.340195016251354
"SOC02","SEG02","SUBSEG02",2,2,"PROD02",2,"ZONA02",228,0.247020585048754
"SOC02","SEG02","SUBSEG02",2,2,"PROD02",2,"ZONA03",381,0.412784398699892
"SOC02","SEG02","SUBSEG02",2,2,"PROD02",3,"ZONA01",449,0.473129610115911
"SOC02","SEG02","SUBSEG02",2,2,"PROD02",3,"ZONA02",240,0.252897787144363
"SOC02","SEG02","SUBSEG02",2,2,"PROD02",3,"ZONA03",260,0.273972602739726
"SOC02","SEG02","SUBSEG02",2,2,"PROD02",4,"PDTE",1,0.00671140939597315
"SOC02","SEG02","SUBSEG02",2,2,"PROD02",4,"ZONA01",41,0.275167785234899
"SOC02","SEG02","SUBSEG02",2,2,"PROD02",4,"ZONA02",18,0.120805369127517
"SOC02","SEG02","SUBSEG02",2,2,"PROD02",4,"ZONA03",89,0.597315436241611
"SOC02","SEG02","SUBSEG02",2,2,"PROD02",5,"ZONA01",70,0.593220338983051
"SOC02","SEG02","SUBSEG02",2,2,"PROD02",5,"ZONA02",15,0.127118644067797
"SOC02","SEG02","SUBSEG02",2,2,"PROD02",5,"ZONA03",33,0.279661016949153
"SOC02","SEG02","SUBSEG02",2,2,"PROD02",6,"ZONA01",70,0.526315789473684
"SOC02","SEG02","SUBSEG02",2,2,"PROD02",6,"ZONA02",26,0.195488721804511
"SOC02","SEG02","SUBSEG02",2,2,"PROD02",6,"ZONA03",37,0.278195488721804
"SOC02","SEG02","SUBSEG02",2,2,"PROD02",7,"ZONA01",136,0.489208633093525
"SOC02","SEG02","SUBSEG02",2,2,"PROD02",7,"ZONA02",89,0.320143884892086
"SOC02","SEG02","SUBSEG02",2,2,"PROD02",7,"ZONA03",53,0.190647482014388
"SOC02","SEG02","SUBSEG02",2,2,"PROD02",8,"ZONA01",1,0.142857142857143
"SOC02","SEG02","SUBSEG02",2,2,"PROD02",8,"ZONA02",6,0.857142857142857
"SOC02","SEG02","SUBSEG02",2,2,"PROD02",8,"ZONA03",0,0
"SOC02","SEG02","SUBSEG02",2,2,"PROD02",9,"ZONA01",7,0.4375
"SOC02","SEG02","SUBSEG02",2,2,"PROD02",9,"ZONA02",7,0.4375
"SOC02","SEG02","SUBSEG02",2,2,"PROD02",9,"ZONA03",2,0.125
"SOC02","SEG02","SUBSEG02",2,2,"PROD02",10,"ZONA01",40,0.526315789473684
"SOC02","SEG02","SUBSEG02",2,2,"PROD02",10,"ZONA02",20,0.263157894736842
"SOC02","SEG02","SUBSEG02",2,2,"PROD02",10,"ZONA03",16,0.210526315789474
"SOC02","SEG02","SUBSEG02",2,2,"PROD02",11,"ZONA01",9,0.6
"SOC02","SEG02","SUBSEG02",2,2,"PROD02",11,"ZONA02",4,0.266666666666667
"SOC02","SEG02","SUBSEG02",2,2,"PROD02",11,"ZONA03",2,0.133333333333333
"SOC02","SEG02","SUBSEG02",2,2,"PROD04",1,"PDTE",3,0.000178401522359657
"SOC02","SEG02","SUBSEG02",2,2,"PROD04",1,"ZONA01",7970,0.47395337773549
"SOC02","SEG02","SUBSEG02",2,2,"PROD04",1,"ZONA02",4685,0.278603710751665
"SOC02","SEG02","SUBSEG02",2,2,"PROD04",1,"ZONA03",4158,0.247264509990485
"SOC02","SEG02","SUBSEG02",2,2,"PROD04",2,"PDTE",0,0
"SOC02","SEG02","SUBSEG02",2,2,"PROD04",2,"ZONA01",1087,0.490744920993228
"SOC02","SEG02","SUBSEG02",2,2,"PROD04",2,"ZONA02",297,0.134085778781038
"SOC02","SEG02","SUBSEG02",2,2,"PROD04",2,"ZONA03",831,0.375169300225734
"SOC02","SEG02","SUBSEG02",2,2,"PROD04",3,"PDTE",0,0
"SOC02","SEG02","SUBSEG02",2,2,"PROD04",3,"ZONA01",3552,0.463102998696219
"SOC02","SEG02","SUBSEG02",2,2,"PROD04",3,"ZONA02",1749,0.228031290743155
"SOC02","SEG02","SUBSEG02",2,2,"PROD04",3,"ZONA03",2369,0.308865710560626
"SOC02","SEG02","SUBSEG02",2,2,"PROD04",4,"ZONA01",148,0.643478260869565
"SOC02","SEG02","SUBSEG02",2,2,"PROD04",4,"ZONA02",26,0.11304347826087
"SOC02","SEG02","SUBSEG02",2,2,"PROD04",4,"ZONA03",56,0.243478260869565
"SOC02","SEG02","SUBSEG02",2,2,"PROD04",5,"PDTE",0,0
"SOC02","SEG02","SUBSEG02",2,2,"PROD04",5,"ZONA01",555,0.41981845688351
"SOC02","SEG02","SUBSEG02",2,2,"PROD04",5,"ZONA02",454,0.343419062027231
"SOC02","SEG02","SUBSEG02",2,2,"PROD04",5,"ZONA03",313,0.236762481089259
"SOC02","SEG02","SUBSEG02",2,2,"PROD04",6,"PDTE",0,0
"SOC02","SEG02","SUBSEG02",2,2,"PROD04",6,"ZONA01",428,0.578378378378378
"SOC02","SEG02","SUBSEG02",2,2,"PROD04",6,"ZONA02",146,0.197297297297297
"SOC02","SEG02","SUBSEG02",2,2,"PROD04",6,"ZONA03",166,0.224324324324324
"SOC02","SEG02","SUBSEG02",2,2,"PROD04",7,"ZONA01",78,0.565217391304348
"SOC02","SEG02","SUBSEG02",2,2,"PROD04",7,"ZONA02",38,0.27536231884058
"SOC02","SEG02","SUBSEG02",2,2,"PROD04",7,"ZONA03",22,0.159420289855072
"SOC02","SEG02","SUBSEG02",2,2,"PROD04",8,"ZONA01",0,0
"SOC02","SEG02","SUBSEG02",2,2,"PROD04",8,"ZONA02",4,1
"SOC02","SEG02","SUBSEG02",2,2,"PROD04",8,"ZONA03",0,0
"SOC02","SEG02","SUBSEG02",2,2,"PROD04",9,"PDTE",0,0
"SOC02","SEG02","SUBSEG02",2,2,"PROD04",9,"ZONA01",16,0.457142857142857
"SOC02","SEG02","SUBSEG02",2,2,"PROD04",9,"ZONA02",8,0.228571428571429
"SOC02","SEG02","SUBSEG02",2,2,"PROD04",9,"ZONA03",11,0.314285714285714
"SOC02","SEG02","SUBSEG02",2,2,"PROD04",10,"PDTE",0,0
"SOC02","SEG02","SUBSEG02",2,2,"PROD04",10,"ZONA01",512,0.460017969451932
"SOC02","SEG02","SUBSEG02",2,2,"PROD04",10,"ZONA02",298,0.26774483378257
"SOC02","SEG02","SUBSEG02",2,2,"PROD04",10,"ZONA03",303,0.272237196765499
"SOC02","SEG02","SUBSEG02",2,2,"PROD04",11,"PDTE",0,0
"SOC02","SEG02","SUBSEG02",2,2,"PROD04",11,"ZONA01",10,0.476190476190476
"SOC02","SEG02","SUBSEG02",2,2,"PROD04",11,"ZONA02",8,0.380952380952381
"SOC02","SEG02","SUBSEG02",2,2,"PROD04",11,"ZONA03",3,0.142857142857143
"SOC02","SEG02","SUBSEG02",2,2,"PROD04",99,"ZONA03",1,1
